method,kappaPi,kappa,epsilonLabel,coarseType,beta,rho,nu,degree,hInv,h,nSubSide,nSubdomains,d,deltaSteps,delta,ndof,localDofEstimate,rawCoarseEstimate,estimateGB,estimateLuGB,estimateDirectGB,memoryMode,solverMode,coarseSolverMode,coarseDimension,rawCoarseDimension,coarseRatio,gmresIterations,flag,finalRelres,resvecLength,setupS,applyS,solveS,totalGroupS,status,notes
hu_li_native,16,50.2654824574367,0,spectral,0.5,0.187781386116236,7,2,140,0.00714285714285714,7,49,0.142857142857143,5,0.0357142857142857,78961,3721,3721,0.581032046219526,1.84378879249666,0.581032046219526,direct,lu,lu,NaN,NaN,NaN,NaN,NaN,NaN,NaN,NaN,NaN,NaN,NaN,estimated_only,Execution disabled by HL25_CROSS_RUN=0.
lxzz_dirichlet,16,50.2654824574367,0,spectral,0.5,0.187781386116236,7,2,140,0.00714285714285714,7,49,0.142857142857143,5,0.0357142857142857,78961,3721,3721,0.581032046219526,1.84378879249666,0.581032046219526,direct,lu,lu,NaN,NaN,NaN,NaN,NaN,NaN,NaN,NaN,NaN,NaN,NaN,estimated_only,Execution disabled by HL25_CROSS_RUN=0.
lxzz_impedance,16,50.2654824574367,0,spectral,0.5,0.187781386116236,7,2,140,0.00714285714285714,7,49,0.142857142857143,5,0.0357142857142857,78961,3721,3721,0.581032046219526,1.84378879249666,0.581032046219526,direct,lu,lu,NaN,NaN,NaN,NaN,NaN,NaN,NaN,NaN,NaN,NaN,NaN,estimated_only,Execution disabled by HL25_CROSS_RUN=0.
hu_li_native,16,50.2654824574367,k,spectral,0.5,0.187781386116236,7,2,140,0.00714285714285714,7,49,0.142857142857143,5,0.0357142857142857,78961,3721,3721,0.581032046219526,1.84378879249666,0.581032046219526,direct,lu,lu,NaN,NaN,NaN,NaN,NaN,NaN,NaN,NaN,NaN,NaN,NaN,estimated_only,Execution disabled by HL25_CROSS_RUN=0.
lxzz_dirichlet,16,50.2654824574367,k,spectral,0.5,0.187781386116236,7,2,140,0.00714285714285714,7,49,0.142857142857143,5,0.0357142857142857,78961,3721,3721,0.581032046219526,1.84378879249666,0.581032046219526,direct,lu,lu,NaN,NaN,NaN,NaN,NaN,NaN,NaN,NaN,NaN,NaN,NaN,estimated_only,Execution disabled by HL25_CROSS_RUN=0.
lxzz_impedance,16,50.2654824574367,k,spectral,0.5,0.187781386116236,7,2,140,0.00714285714285714,7,49,0.142857142857143,5,0.0357142857142857,78961,3721,3721,0.581032046219526,1.84378879249666,0.581032046219526,direct,lu,lu,NaN,NaN,NaN,NaN,NaN,NaN,NaN,NaN,NaN,NaN,NaN,estimated_only,Execution disabled by HL25_CROSS_RUN=0.
hu_li_native,16,50.2654824574367,k,economic,0.5,0.187781386116236,7,2,140,0.00714285714285714,7,49,0.142857142857143,5,0.0357142857142857,78961,3721,686,0.397904297003998,1.66066104328113,0.397904297003998,direct,lu,lu,NaN,NaN,NaN,NaN,NaN,NaN,NaN,NaN,NaN,NaN,NaN,estimated_only,Execution disabled by HL25_CROSS_RUN=0.
lxzz_dirichlet,16,50.2654824574367,k,economic,0.5,0.187781386116236,7,2,140,0.00714285714285714,7,49,0.142857142857143,5,0.0357142857142857,78961,3721,686,0.397904297003998,1.66066104328113,0.397904297003998,direct,lu,lu,NaN,NaN,NaN,NaN,NaN,NaN,NaN,NaN,NaN,NaN,NaN,estimated_only,Execution disabled by HL25_CROSS_RUN=0.
lxzz_impedance,16,50.2654824574367,k,economic,0.5,0.187781386116236,7,2,140,0.00714285714285714,7,49,0.142857142857143,5,0.0357142857142857,78961,3721,686,0.397904297003998,1.66066104328113,0.397904297003998,direct,lu,lu,NaN,NaN,NaN,NaN,NaN,NaN,NaN,NaN,NaN,NaN,NaN,estimated_only,Execution disabled by HL25_CROSS_RUN=0.
hu_li_native,32,100.530964914873,0,spectral,0.5,0.157904694436516,10,2,320,0.003125,10,100,0.1,8,0.025,410881,9801,9801,3.44603348451127,11.114121085108,3.44603348451127,direct,lu,lu,NaN,NaN,NaN,NaN,NaN,NaN,NaN,NaN,NaN,NaN,NaN,estimated_only,Execution disabled by HL25_CROSS_RUN=0.
lxzz_dirichlet,32,100.530964914873,0,spectral,0.5,0.157904694436516,10,2,320,0.003125,10,100,0.1,8,0.025,410881,9801,9801,3.44603348451127,11.114121085108,3.44603348451127,direct,lu,lu,NaN,NaN,NaN,NaN,NaN,NaN,NaN,NaN,NaN,NaN,NaN,estimated_only,Execution disabled by HL25_CROSS_RUN=0.
lxzz_impedance,32,100.530964914873,0,spectral,0.5,0.157904694436516,10,2,320,0.003125,10,100,0.1,8,0.025,410881,9801,9801,3.44603348451127,11.114121085108,3.44603348451127,direct,lu,lu,NaN,NaN,NaN,NaN,NaN,NaN,NaN,NaN,NaN,NaN,NaN,estimated_only,Execution disabled by HL25_CROSS_RUN=0.
hu_li_native,32,100.530964914873,0,economic,0.5,0.157904694436516,10,2,320,0.003125,10,100,0.1,8,0.025,410881,9801,2000,2.26523533245271,9.93332293304941,2.26523533245271,direct,lu,lu,NaN,NaN,NaN,NaN,NaN,NaN,NaN,NaN,NaN,NaN,NaN,estimated_only,Execution disabled by HL25_CROSS_RUN=0.
lxzz_dirichlet,32,100.530964914873,0,economic,0.5,0.157904694436516,10,2,320,0.003125,10,100,0.1,8,0.025,410881,9801,2000,2.26523533245271,9.93332293304941,2.26523533245271,direct,lu,lu,NaN,NaN,NaN,NaN,NaN,NaN,NaN,NaN,NaN,NaN,NaN,estimated_only,Execution disabled by HL25_CROSS_RUN=0.
lxzz_impedance,32,100.530964914873,0,economic,0.5,0.157904694436516,10,2,320,0.003125,10,100,0.1,8,0.025,410881,9801,2000,2.26523533245271,9.93332293304941,2.26523533245271,direct,lu,lu,NaN,NaN,NaN,NaN,NaN,NaN,NaN,NaN,NaN,NaN,NaN,estimated_only,Execution disabled by HL25_CROSS_RUN=0.
hu_li_native,32,100.530964914873,k,spectral,0.5,0.157904694436516,10,2,320,0.003125,10,100,0.1,8,0.025,410881,9801,9801,3.44603348451127,11.114121085108,3.44603348451127,direct,lu,lu,NaN,NaN,NaN,NaN,NaN,NaN,NaN,NaN,NaN,NaN,NaN,estimated_only,Execution disabled by HL25_CROSS_RUN=0.
lxzz_dirichlet,32,100.530964914873,k,spectral,0.5,0.157904694436516,10,2,320,0.003125,10,100,0.1,8,0.025,410881,9801,9801,3.44603348451127,11.114121085108,3.44603348451127,direct,lu,lu,NaN,NaN,NaN,NaN,NaN,NaN,NaN,NaN,NaN,NaN,NaN,estimated_only,Execution disabled by HL25_CROSS_RUN=0.
lxzz_impedance,32,100.530964914873,k,spectral,0.5,0.157904694436516,10,2,320,0.003125,10,100,0.1,8,0.025,410881,9801,9801,3.44603348451127,11.114121085108,3.44603348451127,direct,lu,lu,NaN,NaN,NaN,NaN,NaN,NaN,NaN,NaN,NaN,NaN,NaN,estimated_only,Execution disabled by HL25_CROSS_RUN=0.
hu_li_native,32,100.530964914873,k,economic,0.5,0.157904694436516,10,2,320,0.003125,10,100,0.1,8,0.025,410881,9801,2000,2.26523533245271,9.93332293304941,2.26523533245271,direct,lu,lu,NaN,NaN,NaN,NaN,NaN,NaN,NaN,NaN,NaN,NaN,NaN,estimated_only,Execution disabled by HL25_CROSS_RUN=0.
lxzz_dirichlet,32,100.530964914873,k,economic,0.5,0.157904694436516,10,2,320,0.003125,10,100,0.1,8,0.025,410881,9801,2000,2.26523533245271,9.93332293304941,2.26523533245271,direct,lu,lu,NaN,NaN,NaN,NaN,NaN,NaN,NaN,NaN,NaN,NaN,NaN,estimated_only,Execution disabled by HL25_CROSS_RUN=0.
lxzz_impedance,32,100.530964914873,k,economic,0.5,0.157904694436516,10,2,320,0.003125,10,100,0.1,8,0.025,410881,9801,2000,2.26523533245271,9.93332293304941,2.26523533245271,direct,lu,lu,NaN,NaN,NaN,NaN,NaN,NaN,NaN,NaN,NaN,NaN,NaN,estimated_only,Execution disabled by HL25_CROSS_RUN=0.
hu_li_native,64,201.061929829747,0,spectral,0.5,0.1327814915034,14,2,784,0.00127551020408163,14,196,0.0714285714285714,14,0.0178571428571429,2461761,28561,28561,24.6477268893153,73.7839136416737,24.6477268893153,direct,lu,lu,NaN,NaN,NaN,NaN,NaN,NaN,NaN,NaN,NaN,NaN,NaN,estimated_only,Execution disabled by HL25_CROSS_RUN=0.
lxzz_dirichlet,64,201.061929829747,0,spectral,0.5,0.1327814915034,14,2,784,0.00127551020408163,14,196,0.0714285714285714,14,0.0178571428571429,2461761,28561,28561,24.6477268893153,73.7839136416737,24.6477268893153,direct,lu,lu,NaN,NaN,NaN,NaN,NaN,NaN,NaN,NaN,NaN,NaN,NaN,estimated_only,Execution disabled by HL25_CROSS_RUN=0.
lxzz_impedance,64,201.061929829747,0,spectral,0.5,0.1327814915034,14,2,784,0.00127551020408163,14,196,0.0714285714285714,14,0.0178571428571429,2461761,28561,28561,24.6477268893153,73.7839136416737,24.6477268893153,direct,lu,lu,NaN,NaN,NaN,NaN,NaN,NaN,NaN,NaN,NaN,NaN,NaN,estimated_only,Execution disabled by HL25_CROSS_RUN=0.
hu_li_native,64,201.061929829747,0,economic,0.5,0.1327814915034,14,2,784,0.00127551020408163,14,196,0.0714285714285714,14,0.0178571428571429,2461761,28561,5488,14.6948627211117,63.8310494734701,14.6948627211117,direct,lu,lu,NaN,NaN,NaN,NaN,NaN,NaN,NaN,NaN,NaN,NaN,NaN,estimated_only,Execution disabled by HL25_CROSS_RUN=0.
lxzz_dirichlet,64,201.061929829747,0,economic,0.5,0.1327814915034,14,2,784,0.00127551020408163,14,196,0.0714285714285714,14,0.0178571428571429,2461761,28561,5488,14.6948627211117,63.8310494734701,14.6948627211117,direct,lu,lu,NaN,NaN,NaN,NaN,NaN,NaN,NaN,NaN,NaN,NaN,NaN,estimated_only,Execution disabled by HL25_CROSS_RUN=0.
lxzz_impedance,64,201.061929829747,0,economic,0.5,0.1327814915034,14,2,784,0.00127551020408163,14,196,0.0714285714285714,14,0.0178571428571429,2461761,28561,5488,14.6948627211117,63.8310494734701,14.6948627211117,direct,lu,lu,NaN,NaN,NaN,NaN,NaN,NaN,NaN,NaN,NaN,NaN,NaN,estimated_only,Execution disabled by HL25_CROSS_RUN=0.
hu_li_native,64,201.061929829747,k,spectral,0.5,0.1327814915034,14,2,784,0.00127551020408163,14,196,0.0714285714285714,14,0.0178571428571429,2461761,28561,28561,24.6477268893153,73.7839136416737,24.6477268893153,direct,lu,lu,NaN,NaN,NaN,NaN,NaN,NaN,NaN,NaN,NaN,NaN,NaN,estimated_only,Execution disabled by HL25_CROSS_RUN=0.
lxzz_dirichlet,64,201.061929829747,k,spectral,0.5,0.1327814915034,14,2,784,0.00127551020408163,14,196,0.0714285714285714,14,0.0178571428571429,2461761,28561,28561,24.6477268893153,73.7839136416737,24.6477268893153,direct,lu,lu,NaN,NaN,NaN,NaN,NaN,NaN,NaN,NaN,NaN,NaN,NaN,estimated_only,Execution disabled by HL25_CROSS_RUN=0.
lxzz_impedance,64,201.061929829747,k,spectral,0.5,0.1327814915034,14,2,784,0.00127551020408163,14,196,0.0714285714285714,14,0.0178571428571429,2461761,28561,28561,24.6477268893153,73.7839136416737,24.6477268893153,direct,lu,lu,NaN,NaN,NaN,NaN,NaN,NaN,NaN,NaN,NaN,NaN,NaN,estimated_only,Execution disabled by HL25_CROSS_RUN=0.
hu_li_native,64,201.061929829747,k,economic,0.5,0.1327814915034,14,2,784,0.00127551020408163,14,196,0.0714285714285714,14,0.0178571428571429,2461761,28561,5488,14.6948627211117,63.8310494734701,14.6948627211117,direct,lu,lu,NaN,NaN,NaN,NaN,NaN,NaN,NaN,NaN,NaN,NaN,NaN,estimated_only,Execution disabled by HL25_CROSS_RUN=0.
lxzz_dirichlet,64,201.061929829747,k,economic,0.5,0.1327814915034,14,2,784,0.00127551020408163,14,196,0.0714285714285714,14,0.0178571428571429,2461761,28561,5488,14.6948627211117,63.8310494734701,14.6948627211117,direct,lu,lu,NaN,NaN,NaN,NaN,NaN,NaN,NaN,NaN,NaN,NaN,NaN,estimated_only,Execution disabled by HL25_CROSS_RUN=0.
lxzz_impedance,64,201.061929829747,k,economic,0.5,0.1327814915034,14,2,784,0.00127551020408163,14,196,0.0714285714285714,14,0.0178571428571429,2461761,28561,5488,14.6948627211117,63.8310494734701,14.6948627211117,direct,lu,lu,NaN,NaN,NaN,NaN,NaN,NaN,NaN,NaN,NaN,NaN,NaN,estimated_only,Execution disabled by HL25_CROSS_RUN=0.
hu_li_native,128,402.123859659494,0,spectral,0.5,0.11165548021725,20,2,1840,0.000543478260869565,20,400,0.05,23,0.0125,13549761,77841,77841,163.175916019768,463.968969034767,163.175916019768,direct,direct,lu,NaN,NaN,NaN,NaN,NaN,NaN,NaN,NaN,NaN,NaN,NaN,estimated_only,Execution disabled by HL25_CROSS_RUN=0.
lxzz_dirichlet,128,402.123859659494,0,spectral,0.5,0.11165548021725,20,2,1840,0.000543478260869565,20,400,0.05,23,0.0125,13549761,77841,77841,163.175916019768,463.968969034767,163.175916019768,direct,direct,lu,NaN,NaN,NaN,NaN,NaN,NaN,NaN,NaN,NaN,NaN,NaN,estimated_only,Execution disabled by HL25_CROSS_RUN=0.
lxzz_impedance,128,402.123859659494,0,spectral,0.5,0.11165548021725,20,2,1840,0.000543478260869565,20,400,0.05,23,0.0125,13549761,77841,77841,163.175916019768,463.968969034767,163.175916019768,direct,direct,lu,NaN,NaN,NaN,NaN,NaN,NaN,NaN,NaN,NaN,NaN,NaN,estimated_only,Execution disabled by HL25_CROSS_RUN=0.
hu_li_native,128,402.123859659494,0,economic,0.5,0.11165548021725,20,2,1840,0.000543478260869565,20,400,0.05,23,0.0125,13549761,77841,16000,91.0611637999978,391.854216814997,91.0611637999978,direct,direct,lu,NaN,NaN,NaN,NaN,NaN,NaN,NaN,NaN,NaN,NaN,NaN,estimated_only,Execution disabled by HL25_CROSS_RUN=0.
lxzz_dirichlet,128,402.123859659494,0,economic,0.5,0.11165548021725,20,2,1840,0.000543478260869565,20,400,0.05,23,0.0125,13549761,77841,16000,91.0611637999978,391.854216814997,91.0611637999978,direct,direct,lu,NaN,NaN,NaN,NaN,NaN,NaN,NaN,NaN,NaN,NaN,NaN,estimated_only,Execution disabled by HL25_CROSS_RUN=0.
lxzz_impedance,128,402.123859659494,0,economic,0.5,0.11165548021725,20,2,1840,0.000543478260869565,20,400,0.05,23,0.0125,13549761,77841,16000,91.0611637999978,391.854216814997,91.0611637999978,direct,direct,lu,NaN,NaN,NaN,NaN,NaN,NaN,NaN,NaN,NaN,NaN,NaN,estimated_only,Execution disabled by HL25_CROSS_RUN=0.
hu_li_native,128,402.123859659494,k,spectral,0.5,0.11165548021725,20,2,1840,0.000543478260869565,20,400,0.05,23,0.0125,13549761,77841,77841,163.175916019768,463.968969034767,163.175916019768,direct,direct,lu,NaN,NaN,NaN,NaN,NaN,NaN,NaN,NaN,NaN,NaN,NaN,estimated_only,Execution disabled by HL25_CROSS_RUN=0.
lxzz_dirichlet,128,402.123859659494,k,spectral,0.5,0.11165548021725,20,2,1840,0.000543478260869565,20,400,0.05,23,0.0125,13549761,77841,77841,163.175916019768,463.968969034767,163.175916019768,direct,direct,lu,NaN,NaN,NaN,NaN,NaN,NaN,NaN,NaN,NaN,NaN,NaN,estimated_only,Execution disabled by HL25_CROSS_RUN=0.
lxzz_impedance,128,402.123859659494,k,spectral,0.5,0.11165548021725,20,2,1840,0.000543478260869565,20,400,0.05,23,0.0125,13549761,77841,77841,163.175916019768,463.968969034767,163.175916019768,direct,direct,lu,NaN,NaN,NaN,NaN,NaN,NaN,NaN,NaN,NaN,NaN,NaN,estimated_only,Execution disabled by HL25_CROSS_RUN=0.
hu_li_native,128,402.123859659494,k,economic,0.5,0.11165548021725,20,2,1840,0.000543478260869565,20,400,0.05,23,0.0125,13549761,77841,16000,91.0611637999978,391.854216814997,91.0611637999978,direct,direct,lu,NaN,NaN,NaN,NaN,NaN,NaN,NaN,NaN,NaN,NaN,NaN,estimated_only,Execution disabled by HL25_CROSS_RUN=0.
lxzz_dirichlet,128,402.123859659494,k,economic,0.5,0.11165548021725,20,2,1840,0.000543478260869565,20,400,0.05,23,0.0125,13549761,77841,16000,91.0611637999978,391.854216814997,91.0611637999978,direct,direct,lu,NaN,NaN,NaN,NaN,NaN,NaN,NaN,NaN,NaN,NaN,NaN,estimated_only,Execution disabled by HL25_CROSS_RUN=0.
lxzz_impedance,128,402.123859659494,k,economic,0.5,0.11165548021725,20,2,1840,0.000543478260869565,20,400,0.05,23,0.0125,13549761,77841,16000,91.0611637999978,391.854216814997,91.0611637999978,direct,direct,lu,NaN,NaN,NaN,NaN,NaN,NaN,NaN,NaN,NaN,NaN,NaN,estimated_only,Execution disabled by HL25_CROSS_RUN=0.
hu_li_native,16,50.2654824574367,0,spectral,0.6,0.22841048357733,5,2,160,0.00625,10,100,0.1,4,0.025,103041,2601,2601,0.581765932044201,2.32298909223039,0.581765932044201,direct,lu,lu,NaN,NaN,NaN,NaN,NaN,NaN,NaN,NaN,NaN,NaN,NaN,estimated_only,Execution disabled by HL25_CROSS_RUN=0.
lxzz_dirichlet,16,50.2654824574367,0,spectral,0.6,0.22841048357733,5,2,160,0.00625,10,100,0.1,4,0.025,103041,2601,2601,0.581765932044201,2.32298909223039,0.581765932044201,direct,lu,lu,NaN,NaN,NaN,NaN,NaN,NaN,NaN,NaN,NaN,NaN,NaN,estimated_only,Execution disabled by HL25_CROSS_RUN=0.
lxzz_impedance,16,50.2654824574367,0,spectral,0.6,0.22841048357733,5,2,160,0.00625,10,100,0.1,4,0.025,103041,2601,2601,0.581765932044201,2.32298909223039,0.581765932044201,direct,lu,lu,NaN,NaN,NaN,NaN,NaN,NaN,NaN,NaN,NaN,NaN,NaN,estimated_only,Execution disabled by HL25_CROSS_RUN=0.
hu_li_native,16,50.2654824574367,0,economic,0.6,0.22841048357733,5,2,160,0.00625,10,100,0.1,4,0.025,103041,2601,1000,0.511981939770312,2.2532050999565,0.511981939770312,direct,lu,lu,NaN,NaN,NaN,NaN,NaN,NaN,NaN,NaN,NaN,NaN,NaN,estimated_only,Execution disabled by HL25_CROSS_RUN=0.
lxzz_dirichlet,16,50.2654824574367,0,economic,0.6,0.22841048357733,5,2,160,0.00625,10,100,0.1,4,0.025,103041,2601,1000,0.511981939770312,2.2532050999565,0.511981939770312,direct,lu,lu,NaN,NaN,NaN,NaN,NaN,NaN,NaN,NaN,NaN,NaN,NaN,estimated_only,Execution disabled by HL25_CROSS_RUN=0.
lxzz_impedance,16,50.2654824574367,0,economic,0.6,0.22841048357733,5,2,160,0.00625,10,100,0.1,4,0.025,103041,2601,1000,0.511981939770312,2.2532050999565,0.511981939770312,direct,lu,lu,NaN,NaN,NaN,NaN,NaN,NaN,NaN,NaN,NaN,NaN,NaN,estimated_only,Execution disabled by HL25_CROSS_RUN=0.
hu_li_native,16,50.2654824574367,k,spectral,0.6,0.22841048357733,5,2,160,0.00625,10,100,0.1,4,0.025,103041,2601,2601,0.581765932044201,2.32298909223039,0.581765932044201,direct,lu,lu,NaN,NaN,NaN,NaN,NaN,NaN,NaN,NaN,NaN,NaN,NaN,estimated_only,Execution disabled by HL25_CROSS_RUN=0.
lxzz_dirichlet,16,50.2654824574367,k,spectral,0.6,0.22841048357733,5,2,160,0.00625,10,100,0.1,4,0.025,103041,2601,2601,0.581765932044201,2.32298909223039,0.581765932044201,direct,lu,lu,NaN,NaN,NaN,NaN,NaN,NaN,NaN,NaN,NaN,NaN,NaN,estimated_only,Execution disabled by HL25_CROSS_RUN=0.
lxzz_impedance,16,50.2654824574367,k,spectral,0.6,0.22841048357733,5,2,160,0.00625,10,100,0.1,4,0.025,103041,2601,2601,0.581765932044201,2.32298909223039,0.581765932044201,direct,lu,lu,NaN,NaN,NaN,NaN,NaN,NaN,NaN,NaN,NaN,NaN,NaN,estimated_only,Execution disabled by HL25_CROSS_RUN=0.
hu_li_native,16,50.2654824574367,k,economic,0.6,0.22841048357733,5,2,160,0.00625,10,100,0.1,4,0.025,103041,2601,1000,0.511981939770312,2.2532050999565,0.511981939770312,direct,lu,lu,NaN,NaN,NaN,NaN,NaN,NaN,NaN,NaN,NaN,NaN,NaN,estimated_only,Execution disabled by HL25_CROSS_RUN=0.
lxzz_dirichlet,16,50.2654824574367,k,economic,0.6,0.22841048357733,5,2,160,0.00625,10,100,0.1,4,0.025,103041,2601,1000,0.511981939770312,2.2532050999565,0.511981939770312,direct,lu,lu,NaN,NaN,NaN,NaN,NaN,NaN,NaN,NaN,NaN,NaN,NaN,estimated_only,Execution disabled by HL25_CROSS_RUN=0.
lxzz_impedance,16,50.2654824574367,k,economic,0.6,0.22841048357733,5,2,160,0.00625,10,100,0.1,4,0.025,103041,2601,1000,0.511981939770312,2.2532050999565,0.511981939770312,direct,lu,lu,NaN,NaN,NaN,NaN,NaN,NaN,NaN,NaN,NaN,NaN,NaN,estimated_only,Execution disabled by HL25_CROSS_RUN=0.
hu_li_native,32,100.530964914873,0,spectral,0.6,0.198842875140985,6,2,320,0.003125,16,256,0.0625,5,0.015625,410881,3721,3721,2.11975721090248,8.82815242549974,2.11975721090248,direct,lu,lu,NaN,NaN,NaN,NaN,NaN,NaN,NaN,NaN,NaN,NaN,NaN,estimated_only,Execution disabled by HL25_CROSS_RUN=0.
lxzz_dirichlet,32,100.530964914873,0,spectral,0.6,0.198842875140985,6,2,320,0.003125,16,256,0.0625,5,0.015625,410881,3721,3721,2.11975721090248,8.82815242549974,2.11975721090248,direct,lu,lu,NaN,NaN,NaN,NaN,NaN,NaN,NaN,NaN,NaN,NaN,NaN,estimated_only,Execution disabled by HL25_CROSS_RUN=0.
lxzz_impedance,32,100.530964914873,0,spectral,0.6,0.198842875140985,6,2,320,0.003125,16,256,0.0625,5,0.015625,410881,3721,3721,2.11975721090248,8.82815242549974,2.11975721090248,direct,lu,lu,NaN,NaN,NaN,NaN,NaN,NaN,NaN,NaN,NaN,NaN,NaN,estimated_only,Execution disabled by HL25_CROSS_RUN=0.
hu_li_native,32,100.530964914873,0,economic,0.6,0.198842875140985,6,2,320,0.003125,16,256,0.0625,5,0.015625,410881,3721,3072,2.08045093015127,8.78884614474853,2.08045093015127,direct,lu,lu,NaN,NaN,NaN,NaN,NaN,NaN,NaN,NaN,NaN,NaN,NaN,estimated_only,Execution disabled by HL25_CROSS_RUN=0.
lxzz_dirichlet,32,100.530964914873,0,economic,0.6,0.198842875140985,6,2,320,0.003125,16,256,0.0625,5,0.015625,410881,3721,3072,2.08045093015127,8.78884614474853,2.08045093015127,direct,lu,lu,NaN,NaN,NaN,NaN,NaN,NaN,NaN,NaN,NaN,NaN,NaN,estimated_only,Execution disabled by HL25_CROSS_RUN=0.
lxzz_impedance,32,100.530964914873,0,economic,0.6,0.198842875140985,6,2,320,0.003125,16,256,0.0625,5,0.015625,410881,3721,3072,2.08045093015127,8.78884614474853,2.08045093015127,direct,lu,lu,NaN,NaN,NaN,NaN,NaN,NaN,NaN,NaN,NaN,NaN,NaN,estimated_only,Execution disabled by HL25_CROSS_RUN=0.
hu_li_native,32,100.530964914873,k,spectral,0.6,0.198842875140985,6,2,320,0.003125,16,256,0.0625,5,0.015625,410881,3721,3721,2.11975721090248,8.82815242549974,2.11975721090248,direct,lu,lu,NaN,NaN,NaN,NaN,NaN,NaN,NaN,NaN,NaN,NaN,NaN,estimated_only,Execution disabled by HL25_CROSS_RUN=0.
lxzz_dirichlet,32,100.530964914873,k,spectral,0.6,0.198842875140985,6,2,320,0.003125,16,256,0.0625,5,0.015625,410881,3721,3721,2.11975721090248,8.82815242549974,2.11975721090248,direct,lu,lu,NaN,NaN,NaN,NaN,NaN,NaN,NaN,NaN,NaN,NaN,NaN,estimated_only,Execution disabled by HL25_CROSS_RUN=0.
lxzz_impedance,32,100.530964914873,k,spectral,0.6,0.198842875140985,6,2,320,0.003125,16,256,0.0625,5,0.015625,410881,3721,3721,2.11975721090248,8.82815242549974,2.11975721090248,direct,lu,lu,NaN,NaN,NaN,NaN,NaN,NaN,NaN,NaN,NaN,NaN,NaN,estimated_only,Execution disabled by HL25_CROSS_RUN=0.
hu_li_native,32,100.530964914873,k,economic,0.6,0.198842875140985,6,2,320,0.003125,16,256,0.0625,5,0.015625,410881,3721,3072,2.08045093015127,8.78884614474853,2.08045093015127,direct,lu,lu,NaN,NaN,NaN,NaN,NaN,NaN,NaN,NaN,NaN,NaN,NaN,estimated_only,Execution disabled by HL25_CROSS_RUN=0.
lxzz_dirichlet,32,100.530964914873,k,economic,0.6,0.198842875140985,6,2,320,0.003125,16,256,0.0625,5,0.015625,410881,3721,3072,2.08045093015127,8.78884614474853,2.08045093015127,direct,lu,lu,NaN,NaN,NaN,NaN,NaN,NaN,NaN,NaN,NaN,NaN,NaN,estimated_only,Execution disabled by HL25_CROSS_RUN=0.
lxzz_impedance,32,100.530964914873,k,economic,0.6,0.198842875140985,6,2,320,0.003125,16,256,0.0625,5,0.015625,410881,3721,3072,2.08045093015127,8.78884614474853,2.08045093015127,direct,lu,lu,NaN,NaN,NaN,NaN,NaN,NaN,NaN,NaN,NaN,NaN,NaN,estimated_only,Execution disabled by HL25_CROSS_RUN=0.
hu_li_native,64,201.061929829747,0,spectral,0.6,0.173102776961405,8,2,768,0.00130208333333333,24,576,0.0416666666666667,8,0.0104166666666667,2362369,9409,9409,13.0429683778874,55.6086520538677,13.0429683778874,direct,lu,lu,NaN,NaN,NaN,NaN,NaN,NaN,NaN,NaN,NaN,NaN,NaN,estimated_only,Execution disabled by HL25_CROSS_RUN=0.
lxzz_dirichlet,64,201.061929829747,0,spectral,0.6,0.173102776961405,8,2,768,0.00130208333333333,24,576,0.0416666666666667,8,0.0104166666666667,2362369,9409,9409,13.0429683778874,55.6086520538677,13.0429683778874,direct,lu,lu,NaN,NaN,NaN,NaN,NaN,NaN,NaN,NaN,NaN,NaN,NaN,estimated_only,Execution disabled by HL25_CROSS_RUN=0.
lxzz_impedance,64,201.061929829747,0,spectral,0.6,0.173102776961405,8,2,768,0.00130208333333333,24,576,0.0416666666666667,8,0.0104166666666667,2362369,9409,9409,13.0429683778874,55.6086520538677,13.0429683778874,direct,lu,lu,NaN,NaN,NaN,NaN,NaN,NaN,NaN,NaN,NaN,NaN,NaN,estimated_only,Execution disabled by HL25_CROSS_RUN=0.
hu_li_native,64,201.061929829747,0,economic,0.6,0.173102776961405,8,2,768,0.00130208333333333,24,576,0.0416666666666667,8,0.0104166666666667,2362369,9409,9216,13.0148373753865,55.5805210513667,13.0148373753865,direct,lu,lu,NaN,NaN,NaN,NaN,NaN,NaN,NaN,NaN,NaN,NaN,NaN,estimated_only,Execution disabled by HL25_CROSS_RUN=0.
lxzz_dirichlet,64,201.061929829747,0,economic,0.6,0.173102776961405,8,2,768,0.00130208333333333,24,576,0.0416666666666667,8,0.0104166666666667,2362369,9409,9216,13.0148373753865,55.5805210513667,13.0148373753865,direct,lu,lu,NaN,NaN,NaN,NaN,NaN,NaN,NaN,NaN,NaN,NaN,NaN,estimated_only,Execution disabled by HL25_CROSS_RUN=0.
lxzz_impedance,64,201.061929829747,0,economic,0.6,0.173102776961405,8,2,768,0.00130208333333333,24,576,0.0416666666666667,8,0.0104166666666667,2362369,9409,9216,13.0148373753865,55.5805210513667,13.0148373753865,direct,lu,lu,NaN,NaN,NaN,NaN,NaN,NaN,NaN,NaN,NaN,NaN,NaN,estimated_only,Execution disabled by HL25_CROSS_RUN=0.
hu_li_native,64,201.061929829747,k,spectral,0.6,0.173102776961405,8,2,768,0.00130208333333333,24,576,0.0416666666666667,8,0.0104166666666667,2362369,9409,9409,13.0429683778874,55.6086520538677,13.0429683778874,direct,lu,lu,NaN,NaN,NaN,NaN,NaN,NaN,NaN,NaN,NaN,NaN,NaN,estimated_only,Execution disabled by HL25_CROSS_RUN=0.
lxzz_dirichlet,64,201.061929829747,k,spectral,0.6,0.173102776961405,8,2,768,0.00130208333333333,24,576,0.0416666666666667,8,0.0104166666666667,2362369,9409,9409,13.0429683778874,55.6086520538677,13.0429683778874,direct,lu,lu,NaN,NaN,NaN,NaN,NaN,NaN,NaN,NaN,NaN,NaN,NaN,estimated_only,Execution disabled by HL25_CROSS_RUN=0.
lxzz_impedance,64,201.061929829747,k,spectral,0.6,0.173102776961405,8,2,768,0.00130208333333333,24,576,0.0416666666666667,8,0.0104166666666667,2362369,9409,9409,13.0429683778874,55.6086520538677,13.0429683778874,direct,lu,lu,NaN,NaN,NaN,NaN,NaN,NaN,NaN,NaN,NaN,NaN,NaN,estimated_only,Execution disabled by HL25_CROSS_RUN=0.
hu_li_native,64,201.061929829747,k,economic,0.6,0.173102776961405,8,2,768,0.00130208333333333,24,576,0.0416666666666667,8,0.0104166666666667,2362369,9409,9216,13.0148373753865,55.5805210513667,13.0148373753865,direct,lu,lu,NaN,NaN,NaN,NaN,NaN,NaN,NaN,NaN,NaN,NaN,NaN,estimated_only,Execution disabled by HL25_CROSS_RUN=0.
lxzz_dirichlet,64,201.061929829747,k,economic,0.6,0.173102776961405,8,2,768,0.00130208333333333,24,576,0.0416666666666667,8,0.0104166666666667,2362369,9409,9216,13.0148373753865,55.5805210513667,13.0148373753865,direct,lu,lu,NaN,NaN,NaN,NaN,NaN,NaN,NaN,NaN,NaN,NaN,NaN,estimated_only,Execution disabled by HL25_CROSS_RUN=0.
lxzz_impedance,64,201.061929829747,k,economic,0.6,0.173102776961405,8,2,768,0.00130208333333333,24,576,0.0416666666666667,8,0.0104166666666667,2362369,9409,9216,13.0148373753865,55.5805210513667,13.0148373753865,direct,lu,lu,NaN,NaN,NaN,NaN,NaN,NaN,NaN,NaN,NaN,NaN,NaN,estimated_only,Execution disabled by HL25_CROSS_RUN=0.
hu_li_native,128,402.123859659494,0,spectral,0.6,0.150694719991875,11,2,1924,0.00051975051975052,37,1369,0.027027027027027,13,0.00675675675675676,14814801,24649,24649,87.8551841417107,381.078310262683,87.8551841417107,direct,direct,lu,NaN,NaN,NaN,NaN,NaN,NaN,NaN,NaN,NaN,NaN,NaN,estimated_only,Execution disabled by HL25_CROSS_RUN=0.
lxzz_dirichlet,128,402.123859659494,0,spectral,0.6,0.150694719991875,11,2,1924,0.00051975051975052,37,1369,0.027027027027027,13,0.00675675675675676,14814801,24649,24649,87.8551841417107,381.078310262683,87.8551841417107,direct,direct,lu,NaN,NaN,NaN,NaN,NaN,NaN,NaN,NaN,NaN,NaN,NaN,estimated_only,Execution disabled by HL25_CROSS_RUN=0.
lxzz_impedance,128,402.123859659494,0,spectral,0.6,0.150694719991875,11,2,1924,0.00051975051975052,37,1369,0.027027027027027,13,0.00675675675675676,14814801,24649,24649,87.8551841417107,381.078310262683,87.8551841417107,direct,direct,lu,NaN,NaN,NaN,NaN,NaN,NaN,NaN,NaN,NaN,NaN,NaN,estimated_only,Execution disabled by HL25_CROSS_RUN=0.
hu_li_native,128,402.123859659494,0,economic,0.6,0.150694719991875,11,2,1924,0.00051975051975052,37,1369,0.027027027027027,13,0.00675675675675676,14814801,24649,30118,89.8968341481072,383.11996026908,89.8968341481072,direct,direct,lu,NaN,NaN,NaN,NaN,NaN,NaN,NaN,NaN,NaN,NaN,NaN,estimated_only,Execution disabled by HL25_CROSS_RUN=0.
lxzz_dirichlet,128,402.123859659494,0,economic,0.6,0.150694719991875,11,2,1924,0.00051975051975052,37,1369,0.027027027027027,13,0.00675675675675676,14814801,24649,30118,89.8968341481072,383.11996026908,89.8968341481072,direct,direct,lu,NaN,NaN,NaN,NaN,NaN,NaN,NaN,NaN,NaN,NaN,NaN,estimated_only,Execution disabled by HL25_CROSS_RUN=0.
lxzz_impedance,128,402.123859659494,0,economic,0.6,0.150694719991875,11,2,1924,0.00051975051975052,37,1369,0.027027027027027,13,0.00675675675675676,14814801,24649,30118,89.8968341481072,383.11996026908,89.8968341481072,direct,direct,lu,NaN,NaN,NaN,NaN,NaN,NaN,NaN,NaN,NaN,NaN,NaN,estimated_only,Execution disabled by HL25_CROSS_RUN=0.
hu_li_native,128,402.123859659494,k,spectral,0.6,0.150694719991875,11,2,1924,0.00051975051975052,37,1369,0.027027027027027,13,0.00675675675675676,14814801,24649,24649,87.8551841417107,381.078310262683,87.8551841417107,direct,direct,lu,NaN,NaN,NaN,NaN,NaN,NaN,NaN,NaN,NaN,NaN,NaN,estimated_only,Execution disabled by HL25_CROSS_RUN=0.
lxzz_dirichlet,128,402.123859659494,k,spectral,0.6,0.150694719991875,11,2,1924,0.00051975051975052,37,1369,0.027027027027027,13,0.00675675675675676,14814801,24649,24649,87.8551841417107,381.078310262683,87.8551841417107,direct,direct,lu,NaN,NaN,NaN,NaN,NaN,NaN,NaN,NaN,NaN,NaN,NaN,estimated_only,Execution disabled by HL25_CROSS_RUN=0.
lxzz_impedance,128,402.123859659494,k,spectral,0.6,0.150694719991875,11,2,1924,0.00051975051975052,37,1369,0.027027027027027,13,0.00675675675675676,14814801,24649,24649,87.8551841417107,381.078310262683,87.8551841417107,direct,direct,lu,NaN,NaN,NaN,NaN,NaN,NaN,NaN,NaN,NaN,NaN,NaN,estimated_only,Execution disabled by HL25_CROSS_RUN=0.
hu_li_native,128,402.123859659494,k,economic,0.6,0.150694719991875,11,2,1924,0.00051975051975052,37,1369,0.027027027027027,13,0.00675675675675676,14814801,24649,30118,89.8968341481072,383.11996026908,89.8968341481072,direct,direct,lu,NaN,NaN,NaN,NaN,NaN,NaN,NaN,NaN,NaN,NaN,NaN,estimated_only,Execution disabled by HL25_CROSS_RUN=0.
lxzz_dirichlet,128,402.123859659494,k,economic,0.6,0.150694719991875,11,2,1924,0.00051975051975052,37,1369,0.027027027027027,13,0.00675675675675676,14814801,24649,30118,89.8968341481072,383.11996026908,89.8968341481072,direct,direct,lu,NaN,NaN,NaN,NaN,NaN,NaN,NaN,NaN,NaN,NaN,NaN,estimated_only,Execution disabled by HL25_CROSS_RUN=0.
lxzz_impedance,128,402.123859659494,k,economic,0.6,0.150694719991875,11,2,1924,0.00051975051975052,37,1369,0.027027027027027,13,0.00675675675675676,14814801,24649,30118,89.8968341481072,383.11996026908,89.8968341481072,direct,direct,lu,NaN,NaN,NaN,NaN,NaN,NaN,NaN,NaN,NaN,NaN,NaN,estimated_only,Execution disabled by HL25_CROSS_RUN=0.
hu_li_native,16,50.2654824574367,0,spectral,0.7,0.27783024764625,3,2,192,0.00520833333333333,16,256,0.0625,3,0.015625,148225,1369,1369,0.688521661402123,2.85645479485435,0.688521661402123,direct,lu,lu,NaN,NaN,NaN,NaN,NaN,NaN,NaN,NaN,NaN,NaN,NaN,estimated_only,Execution disabled by HL25_CROSS_RUN=0.
lxzz_dirichlet,16,50.2654824574367,0,spectral,0.7,0.27783024764625,3,2,192,0.00520833333333333,16,256,0.0625,3,0.015625,148225,1369,1369,0.688521661402123,2.85645479485435,0.688521661402123,direct,lu,lu,NaN,NaN,NaN,NaN,NaN,NaN,NaN,NaN,NaN,NaN,NaN,estimated_only,Execution disabled by HL25_CROSS_RUN=0.
lxzz_impedance,16,50.2654824574367,0,spectral,0.7,0.27783024764625,3,2,192,0.00520833333333333,16,256,0.0625,3,0.015625,148225,1369,1369,0.688521661402123,2.85645479485435,0.688521661402123,direct,lu,lu,NaN,NaN,NaN,NaN,NaN,NaN,NaN,NaN,NaN,NaN,NaN,estimated_only,Execution disabled by HL25_CROSS_RUN=0.
hu_li_native,16,50.2654824574367,0,economic,0.7,0.27783024764625,3,2,192,0.00520833333333333,16,256,0.0625,3,0.015625,148225,1369,1536,0.692722051111005,2.86065518456323,0.692722051111005,direct,lu,lu,NaN,NaN,NaN,NaN,NaN,NaN,NaN,NaN,NaN,NaN,NaN,estimated_only,Execution disabled by HL25_CROSS_RUN=0.
lxzz_dirichlet,16,50.2654824574367,0,economic,0.7,0.27783024764625,3,2,192,0.00520833333333333,16,256,0.0625,3,0.015625,148225,1369,1536,0.692722051111005,2.86065518456323,0.692722051111005,direct,lu,lu,NaN,NaN,NaN,NaN,NaN,NaN,NaN,NaN,NaN,NaN,NaN,estimated_only,Execution disabled by HL25_CROSS_RUN=0.
lxzz_impedance,16,50.2654824574367,0,economic,0.7,0.27783024764625,3,2,192,0.00520833333333333,16,256,0.0625,3,0.015625,148225,1369,1536,0.692722051111005,2.86065518456323,0.692722051111005,direct,lu,lu,NaN,NaN,NaN,NaN,NaN,NaN,NaN,NaN,NaN,NaN,NaN,estimated_only,Execution disabled by HL25_CROSS_RUN=0.
hu_li_native,16,50.2654824574367,k,spectral,0.7,0.27783024764625,3,2,192,0.00520833333333333,16,256,0.0625,3,0.015625,148225,1369,1369,0.688521661402123,2.85645479485435,0.688521661402123,direct,lu,lu,NaN,NaN,NaN,NaN,NaN,NaN,NaN,NaN,NaN,NaN,NaN,estimated_only,Execution disabled by HL25_CROSS_RUN=0.
lxzz_dirichlet,16,50.2654824574367,k,spectral,0.7,0.27783024764625,3,2,192,0.00520833333333333,16,256,0.0625,3,0.015625,148225,1369,1369,0.688521661402123,2.85645479485435,0.688521661402123,direct,lu,lu,NaN,NaN,NaN,NaN,NaN,NaN,NaN,NaN,NaN,NaN,NaN,estimated_only,Execution disabled by HL25_CROSS_RUN=0.
lxzz_impedance,16,50.2654824574367,k,spectral,0.7,0.27783024764625,3,2,192,0.00520833333333333,16,256,0.0625,3,0.015625,148225,1369,1369,0.688521661402123,2.85645479485435,0.688521661402123,direct,lu,lu,NaN,NaN,NaN,NaN,NaN,NaN,NaN,NaN,NaN,NaN,NaN,estimated_only,Execution disabled by HL25_CROSS_RUN=0.
hu_li_native,16,50.2654824574367,k,economic,0.7,0.27783024764625,3,2,192,0.00520833333333333,16,256,0.0625,3,0.015625,148225,1369,1536,0.692722051111005,2.86065518456323,0.692722051111005,direct,lu,lu,NaN,NaN,NaN,NaN,NaN,NaN,NaN,NaN,NaN,NaN,NaN,estimated_only,Execution disabled by HL25_CROSS_RUN=0.
lxzz_dirichlet,16,50.2654824574367,k,economic,0.7,0.27783024764625,3,2,192,0.00520833333333333,16,256,0.0625,3,0.015625,148225,1369,1536,0.692722051111005,2.86065518456323,0.692722051111005,direct,lu,lu,NaN,NaN,NaN,NaN,NaN,NaN,NaN,NaN,NaN,NaN,NaN,estimated_only,Execution disabled by HL25_CROSS_RUN=0.
lxzz_impedance,16,50.2654824574367,k,economic,0.7,0.27783024764625,3,2,192,0.00520833333333333,16,256,0.0625,3,0.015625,148225,1369,1536,0.692722051111005,2.86065518456323,0.692722051111005,direct,lu,lu,NaN,NaN,NaN,NaN,NaN,NaN,NaN,NaN,NaN,NaN,NaN,estimated_only,Execution disabled by HL25_CROSS_RUN=0.
hu_li_native,32,100.530964914873,0,spectral,0.7,0.250394639218464,4,2,400,0.0025,25,625,0.04,4,0.01,641601,2401,2401,3.10191725370472,13.1299136048153,3.10191725370472,direct,lu,lu,NaN,NaN,NaN,NaN,NaN,NaN,NaN,NaN,NaN,NaN,NaN,estimated_only,Execution disabled by HL25_CROSS_RUN=0.
lxzz_dirichlet,32,100.530964914873,0,spectral,0.7,0.250394639218464,4,2,400,0.0025,25,625,0.04,4,0.01,641601,2401,2401,3.10191725370472,13.1299136048153,3.10191725370472,direct,lu,lu,NaN,NaN,NaN,NaN,NaN,NaN,NaN,NaN,NaN,NaN,NaN,estimated_only,Execution disabled by HL25_CROSS_RUN=0.
lxzz_impedance,32,100.530964914873,0,spectral,0.7,0.250394639218464,4,2,400,0.0025,25,625,0.04,4,0.01,641601,2401,2401,3.10191725370472,13.1299136048153,3.10191725370472,direct,lu,lu,NaN,NaN,NaN,NaN,NaN,NaN,NaN,NaN,NaN,NaN,NaN,estimated_only,Execution disabled by HL25_CROSS_RUN=0.
hu_li_native,32,100.530964914873,0,economic,0.7,0.250394639218464,4,2,400,0.0025,25,625,0.04,4,0.01,641601,2401,5000,3.2082765791215,13.236272930232,3.2082765791215,direct,lu,lu,NaN,NaN,NaN,NaN,NaN,NaN,NaN,NaN,NaN,NaN,NaN,estimated_only,Execution disabled by HL25_CROSS_RUN=0.
lxzz_dirichlet,32,100.530964914873,0,economic,0.7,0.250394639218464,4,2,400,0.0025,25,625,0.04,4,0.01,641601,2401,5000,3.2082765791215,13.236272930232,3.2082765791215,direct,lu,lu,NaN,NaN,NaN,NaN,NaN,NaN,NaN,NaN,NaN,NaN,NaN,estimated_only,Execution disabled by HL25_CROSS_RUN=0.
lxzz_impedance,32,100.530964914873,0,economic,0.7,0.250394639218464,4,2,400,0.0025,25,625,0.04,4,0.01,641601,2401,5000,3.2082765791215,13.236272930232,3.2082765791215,direct,lu,lu,NaN,NaN,NaN,NaN,NaN,NaN,NaN,NaN,NaN,NaN,NaN,estimated_only,Execution disabled by HL25_CROSS_RUN=0.
hu_li_native,32,100.530964914873,k,spectral,0.7,0.250394639218464,4,2,400,0.0025,25,625,0.04,4,0.01,641601,2401,2401,3.10191725370472,13.1299136048153,3.10191725370472,direct,lu,lu,NaN,NaN,NaN,NaN,NaN,NaN,NaN,NaN,NaN,NaN,NaN,estimated_only,Execution disabled by HL25_CROSS_RUN=0.
lxzz_dirichlet,32,100.530964914873,k,spectral,0.7,0.250394639218464,4,2,400,0.0025,25,625,0.04,4,0.01,641601,2401,2401,3.10191725370472,13.1299136048153,3.10191725370472,direct,lu,lu,NaN,NaN,NaN,NaN,NaN,NaN,NaN,NaN,NaN,NaN,NaN,estimated_only,Execution disabled by HL25_CROSS_RUN=0.
lxzz_impedance,32,100.530964914873,k,spectral,0.7,0.250394639218464,4,2,400,0.0025,25,625,0.04,4,0.01,641601,2401,2401,3.10191725370472,13.1299136048153,3.10191725370472,direct,lu,lu,NaN,NaN,NaN,NaN,NaN,NaN,NaN,NaN,NaN,NaN,NaN,estimated_only,Execution disabled by HL25_CROSS_RUN=0.
hu_li_native,32,100.530964914873,k,economic,0.7,0.250394639218464,4,2,400,0.0025,25,625,0.04,4,0.01,641601,2401,5000,3.2082765791215,13.236272930232,3.2082765791215,direct,lu,lu,NaN,NaN,NaN,NaN,NaN,NaN,NaN,NaN,NaN,NaN,NaN,estimated_only,Execution disabled by HL25_CROSS_RUN=0.
lxzz_dirichlet,32,100.530964914873,k,economic,0.7,0.250394639218464,4,2,400,0.0025,25,625,0.04,4,0.01,641601,2401,5000,3.2082765791215,13.236272930232,3.2082765791215,direct,lu,lu,NaN,NaN,NaN,NaN,NaN,NaN,NaN,NaN,NaN,NaN,NaN,estimated_only,Execution disabled by HL25_CROSS_RUN=0.
lxzz_impedance,32,100.530964914873,k,economic,0.7,0.250394639218464,4,2,400,0.0025,25,625,0.04,4,0.01,641601,2401,5000,3.2082765791215,13.236272930232,3.2082765791215,direct,lu,lu,NaN,NaN,NaN,NaN,NaN,NaN,NaN,NaN,NaN,NaN,NaN,estimated_only,Execution disabled by HL25_CROSS_RUN=0.
hu_li_native,64,201.061929829747,0,spectral,0.7,0.225668284430913,5,2,820,0.00121951219512195,41,1681,0.024390243902439,5,0.00609756097560976,2692881,3969,3969,13.8915694141797,61.4036528820251,13.8915694141797,direct,lu,lu,NaN,NaN,NaN,NaN,NaN,NaN,NaN,NaN,NaN,NaN,NaN,estimated_only,Execution disabled by HL25_CROSS_RUN=0.
lxzz_dirichlet,64,201.061929829747,0,spectral,0.7,0.225668284430913,5,2,820,0.00121951219512195,41,1681,0.024390243902439,5,0.00609756097560976,2692881,3969,3969,13.8915694141797,61.4036528820251,13.8915694141797,direct,lu,lu,NaN,NaN,NaN,NaN,NaN,NaN,NaN,NaN,NaN,NaN,NaN,estimated_only,Execution disabled by HL25_CROSS_RUN=0.
lxzz_impedance,64,201.061929829747,0,spectral,0.7,0.225668284430913,5,2,820,0.00121951219512195,41,1681,0.024390243902439,5,0.00609756097560976,2692881,3969,3969,13.8915694141797,61.4036528820251,13.8915694141797,direct,lu,lu,NaN,NaN,NaN,NaN,NaN,NaN,NaN,NaN,NaN,NaN,NaN,estimated_only,Execution disabled by HL25_CROSS_RUN=0.
hu_li_native,64,201.061929829747,0,economic,0.7,0.225668284430913,5,2,820,0.00121951219512195,41,1681,0.024390243902439,5,0.00609756097560976,2692881,3969,16810,14.7225104092881,62.2345938771335,14.7225104092881,direct,lu,lu,NaN,NaN,NaN,NaN,NaN,NaN,NaN,NaN,NaN,NaN,NaN,estimated_only,Execution disabled by HL25_CROSS_RUN=0.
lxzz_dirichlet,64,201.061929829747,0,economic,0.7,0.225668284430913,5,2,820,0.00121951219512195,41,1681,0.024390243902439,5,0.00609756097560976,2692881,3969,16810,14.7225104092881,62.2345938771335,14.7225104092881,direct,lu,lu,NaN,NaN,NaN,NaN,NaN,NaN,NaN,NaN,NaN,NaN,NaN,estimated_only,Execution disabled by HL25_CROSS_RUN=0.
lxzz_impedance,64,201.061929829747,0,economic,0.7,0.225668284430913,5,2,820,0.00121951219512195,41,1681,0.024390243902439,5,0.00609756097560976,2692881,3969,16810,14.7225104092881,62.2345938771335,14.7225104092881,direct,lu,lu,NaN,NaN,NaN,NaN,NaN,NaN,NaN,NaN,NaN,NaN,NaN,estimated_only,Execution disabled by HL25_CROSS_RUN=0.
hu_li_native,64,201.061929829747,k,spectral,0.7,0.225668284430913,5,2,820,0.00121951219512195,41,1681,0.024390243902439,5,0.00609756097560976,2692881,3969,3969,13.8915694141797,61.4036528820251,13.8915694141797,direct,lu,lu,NaN,NaN,NaN,NaN,NaN,NaN,NaN,NaN,NaN,NaN,NaN,estimated_only,Execution disabled by HL25_CROSS_RUN=0.
lxzz_dirichlet,64,201.061929829747,k,spectral,0.7,0.225668284430913,5,2,820,0.00121951219512195,41,1681,0.024390243902439,5,0.00609756097560976,2692881,3969,3969,13.8915694141797,61.4036528820251,13.8915694141797,direct,lu,lu,NaN,NaN,NaN,NaN,NaN,NaN,NaN,NaN,NaN,NaN,NaN,estimated_only,Execution disabled by HL25_CROSS_RUN=0.
lxzz_impedance,64,201.061929829747,k,spectral,0.7,0.225668284430913,5,2,820,0.00121951219512195,41,1681,0.024390243902439,5,0.00609756097560976,2692881,3969,3969,13.8915694141797,61.4036528820251,13.8915694141797,direct,lu,lu,NaN,NaN,NaN,NaN,NaN,NaN,NaN,NaN,NaN,NaN,NaN,estimated_only,Execution disabled by HL25_CROSS_RUN=0.
hu_li_native,64,201.061929829747,k,economic,0.7,0.225668284430913,5,2,820,0.00121951219512195,41,1681,0.024390243902439,5,0.00609756097560976,2692881,3969,16810,14.7225104092881,62.2345938771335,14.7225104092881,direct,lu,lu,NaN,NaN,NaN,NaN,NaN,NaN,NaN,NaN,NaN,NaN,NaN,estimated_only,Execution disabled by HL25_CROSS_RUN=0.
lxzz_dirichlet,64,201.061929829747,k,economic,0.7,0.225668284430913,5,2,820,0.00121951219512195,41,1681,0.024390243902439,5,0.00609756097560976,2692881,3969,16810,14.7225104092881,62.2345938771335,14.7225104092881,direct,lu,lu,NaN,NaN,NaN,NaN,NaN,NaN,NaN,NaN,NaN,NaN,NaN,estimated_only,Execution disabled by HL25_CROSS_RUN=0.
lxzz_impedance,64,201.061929829747,k,economic,0.7,0.225668284430913,5,2,820,0.00121951219512195,41,1681,0.024390243902439,5,0.00609756097560976,2692881,3969,16810,14.7225104092881,62.2345938771335,14.7225104092881,direct,lu,lu,NaN,NaN,NaN,NaN,NaN,NaN,NaN,NaN,NaN,NaN,NaN,estimated_only,Execution disabled by HL25_CROSS_RUN=0.
hu_li_native,128,402.123859659494,0,spectral,0.7,0.203383645739953,6,2,1876,0.000533049040511727,67,4489,0.0149253731343284,7,0.00373134328358209,14085009,7225,7225,75.5220457878178,323.274269538187,75.5220457878178,direct,direct,lu,NaN,NaN,NaN,NaN,NaN,NaN,NaN,NaN,NaN,NaN,NaN,estimated_only,Execution disabled by HL25_CROSS_RUN=0.
lxzz_dirichlet,128,402.123859659494,0,spectral,0.7,0.203383645739953,6,2,1876,0.000533049040511727,67,4489,0.0149253731343284,7,0.00373134328358209,14085009,7225,7225,75.5220457878178,323.274269538187,75.5220457878178,direct,direct,lu,NaN,NaN,NaN,NaN,NaN,NaN,NaN,NaN,NaN,NaN,NaN,estimated_only,Execution disabled by HL25_CROSS_RUN=0.
lxzz_impedance,128,402.123859659494,0,spectral,0.7,0.203383645739953,6,2,1876,0.000533049040511727,67,4489,0.0149253731343284,7,0.00373134328358209,14085009,7225,7225,75.5220457878178,323.274269538187,75.5220457878178,direct,direct,lu,NaN,NaN,NaN,NaN,NaN,NaN,NaN,NaN,NaN,NaN,NaN,estimated_only,Execution disabled by HL25_CROSS_RUN=0.
hu_li_native,128,402.123859659494,0,economic,0.7,0.203383645739953,6,2,1876,0.000533049040511727,67,4489,0.0149253731343284,7,0.00373134328358209,14085009,7225,53868,80.8239954664727,328.576219216842,80.8239954664727,direct,direct,lu,NaN,NaN,NaN,NaN,NaN,NaN,NaN,NaN,NaN,NaN,NaN,estimated_only,Execution disabled by HL25_CROSS_RUN=0.
lxzz_dirichlet,128,402.123859659494,0,economic,0.7,0.203383645739953,6,2,1876,0.000533049040511727,67,4489,0.0149253731343284,7,0.00373134328358209,14085009,7225,53868,80.8239954664727,328.576219216842,80.8239954664727,direct,direct,lu,NaN,NaN,NaN,NaN,NaN,NaN,NaN,NaN,NaN,NaN,NaN,estimated_only,Execution disabled by HL25_CROSS_RUN=0.
lxzz_impedance,128,402.123859659494,0,economic,0.7,0.203383645739953,6,2,1876,0.000533049040511727,67,4489,0.0149253731343284,7,0.00373134328358209,14085009,7225,53868,80.8239954664727,328.576219216842,80.8239954664727,direct,direct,lu,NaN,NaN,NaN,NaN,NaN,NaN,NaN,NaN,NaN,NaN,NaN,estimated_only,Execution disabled by HL25_CROSS_RUN=0.
hu_li_native,128,402.123859659494,k,spectral,0.7,0.203383645739953,6,2,1876,0.000533049040511727,67,4489,0.0149253731343284,7,0.00373134328358209,14085009,7225,7225,75.5220457878178,323.274269538187,75.5220457878178,direct,direct,lu,NaN,NaN,NaN,NaN,NaN,NaN,NaN,NaN,NaN,NaN,NaN,estimated_only,Execution disabled by HL25_CROSS_RUN=0.
lxzz_dirichlet,128,402.123859659494,k,spectral,0.7,0.203383645739953,6,2,1876,0.000533049040511727,67,4489,0.0149253731343284,7,0.00373134328358209,14085009,7225,7225,75.5220457878178,323.274269538187,75.5220457878178,direct,direct,lu,NaN,NaN,NaN,NaN,NaN,NaN,NaN,NaN,NaN,NaN,NaN,estimated_only,Execution disabled by HL25_CROSS_RUN=0.
lxzz_impedance,128,402.123859659494,k,spectral,0.7,0.203383645739953,6,2,1876,0.000533049040511727,67,4489,0.0149253731343284,7,0.00373134328358209,14085009,7225,7225,75.5220457878178,323.274269538187,75.5220457878178,direct,direct,lu,NaN,NaN,NaN,NaN,NaN,NaN,NaN,NaN,NaN,NaN,NaN,estimated_only,Execution disabled by HL25_CROSS_RUN=0.
hu_li_native,128,402.123859659494,k,economic,0.7,0.203383645739953,6,2,1876,0.000533049040511727,67,4489,0.0149253731343284,7,0.00373134328358209,14085009,7225,53868,80.8239954664727,328.576219216842,80.8239954664727,direct,direct,lu,NaN,NaN,NaN,NaN,NaN,NaN,NaN,NaN,NaN,NaN,NaN,estimated_only,Execution disabled by HL25_CROSS_RUN=0.
lxzz_dirichlet,128,402.123859659494,k,economic,0.7,0.203383645739953,6,2,1876,0.000533049040511727,67,4489,0.0149253731343284,7,0.00373134328358209,14085009,7225,53868,80.8239954664727,328.576219216842,80.8239954664727,direct,direct,lu,NaN,NaN,NaN,NaN,NaN,NaN,NaN,NaN,NaN,NaN,NaN,estimated_only,Execution disabled by HL25_CROSS_RUN=0.
lxzz_impedance,128,402.123859659494,k,economic,0.7,0.203383645739953,6,2,1876,0.000533049040511727,67,4489,0.0149253731343284,7,0.00373134328358209,14085009,7225,53868,80.8239954664727,328.576219216842,80.8239954664727,direct,direct,lu,NaN,NaN,NaN,NaN,NaN,NaN,NaN,NaN,NaN,NaN,NaN,estimated_only,Execution disabled by HL25_CROSS_RUN=0.
hu_li_native,16,50.2654824574367,0,economic,0.5,0.187781386116236,7,2,140,0.00714285714285714,7,49,0.142857142857143,5,0.0357142857142857,78961,3721,686,0.397904297003998,1.66066104328113,0.397904297003998,direct,lu,lu,686,686,0.184359043267939,5,0,1.13375956212874e-07,6,309.6014031,0.5023428,1.4236327,312.3938394,ran,
lxzz_dirichlet,16,50.2654824574367,0,economic,0.5,0.187781386116236,7,2,140,0.00714285714285714,7,49,0.142857142857143,5,0.0357142857142857,78961,3721,686,0.397904297003998,1.66066104328113,0.397904297003998,direct,lu,lu,686,686,0.184359043267939,89,0,6.25701988042798e-07,90,311.4442333,899.3607093,904.0351234,1218.4175632,ran,
lxzz_impedance,16,50.2654824574367,0,economic,0.5,0.187781386116236,7,2,140,0.00714285714285714,7,49,0.142857142857143,5,0.0357142857142857,78961,3721,686,0.397904297003998,1.66066104328113,0.397904297003998,direct,lu,lu,686,686,0.184359043267939,NaN,NaN,NaN,NaN,NaN,NaN,NaN,NaN,running_pending,Group started; method has not completed yet.
