method,kappaPi,kappa,epsilonLabel,coarseType,beta,rho,nu,degree,hInv,h,nSubSide,nSubdomains,d,deltaSteps,delta,lxzzNSubSide,lxzzNSubdomains,lxzzH,lxzzDeltaSteps,lxzzDelta,ndof,localDofEstimate,rawCoarseEstimate,lxzzLocalDofEstimate,estimateGB,estimateLuGB,estimateDirectGB,memoryMode,solverMode,coarseSolverMode,coarseDimension,rawCoarseDimension,coarseRatio,gmresIterations,flag,finalRelres,resvecLength,setupS,applyS,solveS,totalGroupS,status,notes
hu_li_native,32,100.530964914873,0,economic,0.5,0.157904694436516,10,2,320,0.003125,10,100,0.1,8,0.025,160,25921,0.00625,2,0.00625,410881,9801,2000,81,2.5769798225348,10.3779040272031,2.5769798225348,direct,lu,lu,NaN,NaN,NaN,NaN,NaN,NaN,NaN,NaN,NaN,NaN,NaN,estimated_only,Execution disabled by HL25_CROSS_RUN=0.
lxzz_dirichlet,32,100.530964914873,0,economic,0.5,0.157904694436516,10,2,320,0.003125,10,100,0.1,8,0.025,160,25921,0.00625,2,0.00625,410881,9801,2000,81,2.5769798225348,10.3779040272031,2.5769798225348,direct,lu,lu,NaN,NaN,NaN,NaN,NaN,NaN,NaN,NaN,NaN,NaN,NaN,estimated_only,Execution disabled by HL25_CROSS_RUN=0.
lxzz_impedance,32,100.530964914873,0,economic,0.5,0.157904694436516,10,2,320,0.003125,10,100,0.1,8,0.025,160,25921,0.00625,2,0.00625,410881,9801,2000,81,2.5769798225348,10.3779040272031,2.5769798225348,direct,lu,lu,NaN,NaN,NaN,NaN,NaN,NaN,NaN,NaN,NaN,NaN,NaN,estimated_only,Execution disabled by HL25_CROSS_RUN=0.
hu_li_native,32,100.530964914873,0,spectral,0.5,0.157904694436516,10,2,320,0.003125,10,100,0.1,8,0.025,160,25921,0.00625,2,0.00625,410881,9801,9801,81,3.75777797459337,11.5587021792616,3.75777797459337,direct,lu,lu,NaN,NaN,NaN,NaN,NaN,NaN,NaN,NaN,NaN,NaN,NaN,estimated_only,Execution disabled by HL25_CROSS_RUN=0.
lxzz_dirichlet,32,100.530964914873,0,spectral,0.5,0.157904694436516,10,2,320,0.003125,10,100,0.1,8,0.025,160,25921,0.00625,2,0.00625,410881,9801,9801,81,3.75777797459337,11.5587021792616,3.75777797459337,direct,lu,lu,NaN,NaN,NaN,NaN,NaN,NaN,NaN,NaN,NaN,NaN,NaN,estimated_only,Execution disabled by HL25_CROSS_RUN=0.
lxzz_impedance,32,100.530964914873,0,spectral,0.5,0.157904694436516,10,2,320,0.003125,10,100,0.1,8,0.025,160,25921,0.00625,2,0.00625,410881,9801,9801,81,3.75777797459337,11.5587021792616,3.75777797459337,direct,lu,lu,NaN,NaN,NaN,NaN,NaN,NaN,NaN,NaN,NaN,NaN,NaN,estimated_only,Execution disabled by HL25_CROSS_RUN=0.
hu_li_native,32,100.530964914873,k,economic,0.5,0.157904694436516,10,2,320,0.003125,10,100,0.1,8,0.025,160,25921,0.00625,2,0.00625,410881,9801,2000,81,2.5769798225348,10.3779040272031,2.5769798225348,direct,lu,lu,NaN,NaN,NaN,NaN,NaN,NaN,NaN,NaN,NaN,NaN,NaN,estimated_only,Execution disabled by HL25_CROSS_RUN=0.
lxzz_dirichlet,32,100.530964914873,k,economic,0.5,0.157904694436516,10,2,320,0.003125,10,100,0.1,8,0.025,160,25921,0.00625,2,0.00625,410881,9801,2000,81,2.5769798225348,10.3779040272031,2.5769798225348,direct,lu,lu,NaN,NaN,NaN,NaN,NaN,NaN,NaN,NaN,NaN,NaN,NaN,estimated_only,Execution disabled by HL25_CROSS_RUN=0.
lxzz_impedance,32,100.530964914873,k,economic,0.5,0.157904694436516,10,2,320,0.003125,10,100,0.1,8,0.025,160,25921,0.00625,2,0.00625,410881,9801,2000,81,2.5769798225348,10.3779040272031,2.5769798225348,direct,lu,lu,NaN,NaN,NaN,NaN,NaN,NaN,NaN,NaN,NaN,NaN,NaN,estimated_only,Execution disabled by HL25_CROSS_RUN=0.
hu_li_native,32,100.530964914873,k,spectral,0.5,0.157904694436516,10,2,320,0.003125,10,100,0.1,8,0.025,160,25921,0.00625,2,0.00625,410881,9801,9801,81,3.75777797459337,11.5587021792616,3.75777797459337,direct,lu,lu,NaN,NaN,NaN,NaN,NaN,NaN,NaN,NaN,NaN,NaN,NaN,estimated_only,Execution disabled by HL25_CROSS_RUN=0.
lxzz_dirichlet,32,100.530964914873,k,spectral,0.5,0.157904694436516,10,2,320,0.003125,10,100,0.1,8,0.025,160,25921,0.00625,2,0.00625,410881,9801,9801,81,3.75777797459337,11.5587021792616,3.75777797459337,direct,lu,lu,NaN,NaN,NaN,NaN,NaN,NaN,NaN,NaN,NaN,NaN,NaN,estimated_only,Execution disabled by HL25_CROSS_RUN=0.
lxzz_impedance,32,100.530964914873,k,spectral,0.5,0.157904694436516,10,2,320,0.003125,10,100,0.1,8,0.025,160,25921,0.00625,2,0.00625,410881,9801,9801,81,3.75777797459337,11.5587021792616,3.75777797459337,direct,lu,lu,NaN,NaN,NaN,NaN,NaN,NaN,NaN,NaN,NaN,NaN,NaN,estimated_only,Execution disabled by HL25_CROSS_RUN=0.
hu_li_native,64,201.061929829747,0,economic,0.5,0.1327814915034,14,2,784,0.00127551020408163,14,196,0.0714285714285714,14,0.0178571428571429,392,154449,0.00255102040816327,2,0.00255102040816327,2461761,28561,5488,81,16.7320881292756,64.9374015939628,16.7320881292756,direct,lu,lu,NaN,NaN,NaN,NaN,NaN,NaN,NaN,NaN,NaN,NaN,NaN,estimated_only,Execution disabled by HL25_CROSS_RUN=0.
lxzz_dirichlet,64,201.061929829747,0,economic,0.5,0.1327814915034,14,2,784,0.00127551020408163,14,196,0.0714285714285714,14,0.0178571428571429,392,154449,0.00255102040816327,2,0.00255102040816327,2461761,28561,5488,81,16.7320881292756,64.9374015939628,16.7320881292756,direct,lu,lu,NaN,NaN,NaN,NaN,NaN,NaN,NaN,NaN,NaN,NaN,NaN,estimated_only,Execution disabled by HL25_CROSS_RUN=0.
lxzz_impedance,64,201.061929829747,0,economic,0.5,0.1327814915034,14,2,784,0.00127551020408163,14,196,0.0714285714285714,14,0.0178571428571429,392,154449,0.00255102040816327,2,0.00255102040816327,2461761,28561,5488,81,16.7320881292756,64.9374015939628,16.7320881292756,direct,lu,lu,NaN,NaN,NaN,NaN,NaN,NaN,NaN,NaN,NaN,NaN,NaN,estimated_only,Execution disabled by HL25_CROSS_RUN=0.
hu_li_native,64,201.061929829747,0,spectral,0.5,0.1327814915034,14,2,784,0.00127551020408163,14,196,0.0714285714285714,14,0.0178571428571429,392,154449,0.00255102040816327,2,0.00255102040816327,2461761,28561,28561,81,26.6849522974792,74.8902657621664,26.6849522974792,direct,lu,lu,NaN,NaN,NaN,NaN,NaN,NaN,NaN,NaN,NaN,NaN,NaN,estimated_only,Execution disabled by HL25_CROSS_RUN=0.
lxzz_dirichlet,64,201.061929829747,0,spectral,0.5,0.1327814915034,14,2,784,0.00127551020408163,14,196,0.0714285714285714,14,0.0178571428571429,392,154449,0.00255102040816327,2,0.00255102040816327,2461761,28561,28561,81,26.6849522974792,74.8902657621664,26.6849522974792,direct,lu,lu,NaN,NaN,NaN,NaN,NaN,NaN,NaN,NaN,NaN,NaN,NaN,estimated_only,Execution disabled by HL25_CROSS_RUN=0.
lxzz_impedance,64,201.061929829747,0,spectral,0.5,0.1327814915034,14,2,784,0.00127551020408163,14,196,0.0714285714285714,14,0.0178571428571429,392,154449,0.00255102040816327,2,0.00255102040816327,2461761,28561,28561,81,26.6849522974792,74.8902657621664,26.6849522974792,direct,lu,lu,NaN,NaN,NaN,NaN,NaN,NaN,NaN,NaN,NaN,NaN,NaN,estimated_only,Execution disabled by HL25_CROSS_RUN=0.
hu_li_native,64,201.061929829747,k,economic,0.5,0.1327814915034,14,2,784,0.00127551020408163,14,196,0.0714285714285714,14,0.0178571428571429,392,154449,0.00255102040816327,2,0.00255102040816327,2461761,28561,5488,81,16.7320881292756,64.9374015939628,16.7320881292756,direct,lu,lu,NaN,NaN,NaN,NaN,NaN,NaN,NaN,NaN,NaN,NaN,NaN,estimated_only,Execution disabled by HL25_CROSS_RUN=0.
lxzz_dirichlet,64,201.061929829747,k,economic,0.5,0.1327814915034,14,2,784,0.00127551020408163,14,196,0.0714285714285714,14,0.0178571428571429,392,154449,0.00255102040816327,2,0.00255102040816327,2461761,28561,5488,81,16.7320881292756,64.9374015939628,16.7320881292756,direct,lu,lu,NaN,NaN,NaN,NaN,NaN,NaN,NaN,NaN,NaN,NaN,NaN,estimated_only,Execution disabled by HL25_CROSS_RUN=0.
lxzz_impedance,64,201.061929829747,k,economic,0.5,0.1327814915034,14,2,784,0.00127551020408163,14,196,0.0714285714285714,14,0.0178571428571429,392,154449,0.00255102040816327,2,0.00255102040816327,2461761,28561,5488,81,16.7320881292756,64.9374015939628,16.7320881292756,direct,lu,lu,NaN,NaN,NaN,NaN,NaN,NaN,NaN,NaN,NaN,NaN,NaN,estimated_only,Execution disabled by HL25_CROSS_RUN=0.
hu_li_native,64,201.061929829747,k,spectral,0.5,0.1327814915034,14,2,784,0.00127551020408163,14,196,0.0714285714285714,14,0.0178571428571429,392,154449,0.00255102040816327,2,0.00255102040816327,2461761,28561,28561,81,26.6849522974792,74.8902657621664,26.6849522974792,direct,lu,lu,NaN,NaN,NaN,NaN,NaN,NaN,NaN,NaN,NaN,NaN,NaN,estimated_only,Execution disabled by HL25_CROSS_RUN=0.
lxzz_dirichlet,64,201.061929829747,k,spectral,0.5,0.1327814915034,14,2,784,0.00127551020408163,14,196,0.0714285714285714,14,0.0178571428571429,392,154449,0.00255102040816327,2,0.00255102040816327,2461761,28561,28561,81,26.6849522974792,74.8902657621664,26.6849522974792,direct,lu,lu,NaN,NaN,NaN,NaN,NaN,NaN,NaN,NaN,NaN,NaN,NaN,estimated_only,Execution disabled by HL25_CROSS_RUN=0.
lxzz_impedance,64,201.061929829747,k,spectral,0.5,0.1327814915034,14,2,784,0.00127551020408163,14,196,0.0714285714285714,14,0.0178571428571429,392,154449,0.00255102040816327,2,0.00255102040816327,2461761,28561,28561,81,26.6849522974792,74.8902657621664,26.6849522974792,direct,lu,lu,NaN,NaN,NaN,NaN,NaN,NaN,NaN,NaN,NaN,NaN,NaN,estimated_only,Execution disabled by HL25_CROSS_RUN=0.
hu_li_native,128,402.123859659494,0,economic,0.5,0.11165548021725,20,2,1840,0.000543478260869565,20,400,0.05,23,0.0125,460,212521,0.00217391304347826,4,0.00217391304347826,13549761,77841,16000,289,100.160963358355,400.191932954332,100.160963358355,direct,direct,lu,NaN,NaN,NaN,NaN,NaN,NaN,NaN,NaN,NaN,NaN,NaN,estimated_only,Execution disabled by HL25_CROSS_RUN=0.
lxzz_dirichlet,128,402.123859659494,0,economic,0.5,0.11165548021725,20,2,1840,0.000543478260869565,20,400,0.05,23,0.0125,460,212521,0.00217391304347826,4,0.00217391304347826,13549761,77841,16000,289,100.160963358355,400.191932954332,100.160963358355,direct,direct,lu,NaN,NaN,NaN,NaN,NaN,NaN,NaN,NaN,NaN,NaN,NaN,estimated_only,Execution disabled by HL25_CROSS_RUN=0.
lxzz_impedance,128,402.123859659494,0,economic,0.5,0.11165548021725,20,2,1840,0.000543478260869565,20,400,0.05,23,0.0125,460,212521,0.00217391304347826,4,0.00217391304347826,13549761,77841,16000,289,100.160963358355,400.191932954332,100.160963358355,direct,direct,lu,NaN,NaN,NaN,NaN,NaN,NaN,NaN,NaN,NaN,NaN,NaN,estimated_only,Execution disabled by HL25_CROSS_RUN=0.
hu_li_native,128,402.123859659494,0,spectral,0.5,0.11165548021725,20,2,1840,0.000543478260869565,20,400,0.05,23,0.0125,460,212521,0.00217391304347826,4,0.00217391304347826,13549761,77841,77841,289,172.275715578126,472.306685174102,172.275715578126,direct,direct,lu,NaN,NaN,NaN,NaN,NaN,NaN,NaN,NaN,NaN,NaN,NaN,estimated_only,Execution disabled by HL25_CROSS_RUN=0.
lxzz_dirichlet,128,402.123859659494,0,spectral,0.5,0.11165548021725,20,2,1840,0.000543478260869565,20,400,0.05,23,0.0125,460,212521,0.00217391304347826,4,0.00217391304347826,13549761,77841,77841,289,172.275715578126,472.306685174102,172.275715578126,direct,direct,lu,NaN,NaN,NaN,NaN,NaN,NaN,NaN,NaN,NaN,NaN,NaN,estimated_only,Execution disabled by HL25_CROSS_RUN=0.
lxzz_impedance,128,402.123859659494,0,spectral,0.5,0.11165548021725,20,2,1840,0.000543478260869565,20,400,0.05,23,0.0125,460,212521,0.00217391304347826,4,0.00217391304347826,13549761,77841,77841,289,172.275715578126,472.306685174102,172.275715578126,direct,direct,lu,NaN,NaN,NaN,NaN,NaN,NaN,NaN,NaN,NaN,NaN,NaN,estimated_only,Execution disabled by HL25_CROSS_RUN=0.
hu_li_native,128,402.123859659494,k,economic,0.5,0.11165548021725,20,2,1840,0.000543478260869565,20,400,0.05,23,0.0125,460,212521,0.00217391304347826,4,0.00217391304347826,13549761,77841,16000,289,100.160963358355,400.191932954332,100.160963358355,direct,direct,lu,NaN,NaN,NaN,NaN,NaN,NaN,NaN,NaN,NaN,NaN,NaN,estimated_only,Execution disabled by HL25_CROSS_RUN=0.
lxzz_dirichlet,128,402.123859659494,k,economic,0.5,0.11165548021725,20,2,1840,0.000543478260869565,20,400,0.05,23,0.0125,460,212521,0.00217391304347826,4,0.00217391304347826,13549761,77841,16000,289,100.160963358355,400.191932954332,100.160963358355,direct,direct,lu,NaN,NaN,NaN,NaN,NaN,NaN,NaN,NaN,NaN,NaN,NaN,estimated_only,Execution disabled by HL25_CROSS_RUN=0.
lxzz_impedance,128,402.123859659494,k,economic,0.5,0.11165548021725,20,2,1840,0.000543478260869565,20,400,0.05,23,0.0125,460,212521,0.00217391304347826,4,0.00217391304347826,13549761,77841,16000,289,100.160963358355,400.191932954332,100.160963358355,direct,direct,lu,NaN,NaN,NaN,NaN,NaN,NaN,NaN,NaN,NaN,NaN,NaN,estimated_only,Execution disabled by HL25_CROSS_RUN=0.
hu_li_native,128,402.123859659494,k,spectral,0.5,0.11165548021725,20,2,1840,0.000543478260869565,20,400,0.05,23,0.0125,460,212521,0.00217391304347826,4,0.00217391304347826,13549761,77841,77841,289,172.275715578126,472.306685174102,172.275715578126,direct,direct,lu,NaN,NaN,NaN,NaN,NaN,NaN,NaN,NaN,NaN,NaN,NaN,estimated_only,Execution disabled by HL25_CROSS_RUN=0.
lxzz_dirichlet,128,402.123859659494,k,spectral,0.5,0.11165548021725,20,2,1840,0.000543478260869565,20,400,0.05,23,0.0125,460,212521,0.00217391304347826,4,0.00217391304347826,13549761,77841,77841,289,172.275715578126,472.306685174102,172.275715578126,direct,direct,lu,NaN,NaN,NaN,NaN,NaN,NaN,NaN,NaN,NaN,NaN,NaN,estimated_only,Execution disabled by HL25_CROSS_RUN=0.
lxzz_impedance,128,402.123859659494,k,spectral,0.5,0.11165548021725,20,2,1840,0.000543478260869565,20,400,0.05,23,0.0125,460,212521,0.00217391304347826,4,0.00217391304347826,13549761,77841,77841,289,172.275715578126,472.306685174102,172.275715578126,direct,direct,lu,NaN,NaN,NaN,NaN,NaN,NaN,NaN,NaN,NaN,NaN,NaN,estimated_only,Execution disabled by HL25_CROSS_RUN=0.
hu_li_native,16,50.2654824574367,0,economic,0.6,0.22841048357733,5,2,160,0.00625,10,100,0.1,4,0.025,80,6561,0.0125,2,0.0125,103041,2601,1000,81,0.588250142200709,2.46282528142447,0.588250142200709,direct,lu,lu,NaN,NaN,NaN,NaN,NaN,NaN,NaN,NaN,NaN,NaN,NaN,estimated_only,Execution disabled by HL25_CROSS_RUN=0.
lxzz_dirichlet,16,50.2654824574367,0,economic,0.6,0.22841048357733,5,2,160,0.00625,10,100,0.1,4,0.025,80,6561,0.0125,2,0.0125,103041,2601,1000,81,0.588250142200709,2.46282528142447,0.588250142200709,direct,lu,lu,NaN,NaN,NaN,NaN,NaN,NaN,NaN,NaN,NaN,NaN,NaN,estimated_only,Execution disabled by HL25_CROSS_RUN=0.
lxzz_impedance,16,50.2654824574367,0,economic,0.6,0.22841048357733,5,2,160,0.00625,10,100,0.1,4,0.025,80,6561,0.0125,2,0.0125,103041,2601,1000,81,0.588250142200709,2.46282528142447,0.588250142200709,direct,lu,lu,NaN,NaN,NaN,NaN,NaN,NaN,NaN,NaN,NaN,NaN,NaN,estimated_only,Execution disabled by HL25_CROSS_RUN=0.
hu_li_native,16,50.2654824574367,0,spectral,0.6,0.22841048357733,5,2,160,0.00625,10,100,0.1,4,0.025,80,6561,0.0125,2,0.0125,103041,2601,2601,81,0.658034134474598,2.53260927369835,0.658034134474598,direct,lu,lu,NaN,NaN,NaN,NaN,NaN,NaN,NaN,NaN,NaN,NaN,NaN,estimated_only,Execution disabled by HL25_CROSS_RUN=0.
lxzz_dirichlet,16,50.2654824574367,0,spectral,0.6,0.22841048357733,5,2,160,0.00625,10,100,0.1,4,0.025,80,6561,0.0125,2,0.0125,103041,2601,2601,81,0.658034134474598,2.53260927369835,0.658034134474598,direct,lu,lu,NaN,NaN,NaN,NaN,NaN,NaN,NaN,NaN,NaN,NaN,NaN,estimated_only,Execution disabled by HL25_CROSS_RUN=0.
lxzz_impedance,16,50.2654824574367,0,spectral,0.6,0.22841048357733,5,2,160,0.00625,10,100,0.1,4,0.025,80,6561,0.0125,2,0.0125,103041,2601,2601,81,0.658034134474598,2.53260927369835,0.658034134474598,direct,lu,lu,NaN,NaN,NaN,NaN,NaN,NaN,NaN,NaN,NaN,NaN,NaN,estimated_only,Execution disabled by HL25_CROSS_RUN=0.
hu_li_native,16,50.2654824574367,k,economic,0.6,0.22841048357733,5,2,160,0.00625,10,100,0.1,4,0.025,80,6561,0.0125,2,0.0125,103041,2601,1000,81,0.588250142200709,2.46282528142447,0.588250142200709,direct,lu,lu,NaN,NaN,NaN,NaN,NaN,NaN,NaN,NaN,NaN,NaN,NaN,estimated_only,Execution disabled by HL25_CROSS_RUN=0.
lxzz_dirichlet,16,50.2654824574367,k,economic,0.6,0.22841048357733,5,2,160,0.00625,10,100,0.1,4,0.025,80,6561,0.0125,2,0.0125,103041,2601,1000,81,0.588250142200709,2.46282528142447,0.588250142200709,direct,lu,lu,NaN,NaN,NaN,NaN,NaN,NaN,NaN,NaN,NaN,NaN,NaN,estimated_only,Execution disabled by HL25_CROSS_RUN=0.
lxzz_impedance,16,50.2654824574367,k,economic,0.6,0.22841048357733,5,2,160,0.00625,10,100,0.1,4,0.025,80,6561,0.0125,2,0.0125,103041,2601,1000,81,0.588250142200709,2.46282528142447,0.588250142200709,direct,lu,lu,NaN,NaN,NaN,NaN,NaN,NaN,NaN,NaN,NaN,NaN,NaN,estimated_only,Execution disabled by HL25_CROSS_RUN=0.
hu_li_native,16,50.2654824574367,k,spectral,0.6,0.22841048357733,5,2,160,0.00625,10,100,0.1,4,0.025,80,6561,0.0125,2,0.0125,103041,2601,2601,81,0.658034134474598,2.53260927369835,0.658034134474598,direct,lu,lu,NaN,NaN,NaN,NaN,NaN,NaN,NaN,NaN,NaN,NaN,NaN,estimated_only,Execution disabled by HL25_CROSS_RUN=0.
lxzz_dirichlet,16,50.2654824574367,k,spectral,0.6,0.22841048357733,5,2,160,0.00625,10,100,0.1,4,0.025,80,6561,0.0125,2,0.0125,103041,2601,2601,81,0.658034134474598,2.53260927369835,0.658034134474598,direct,lu,lu,NaN,NaN,NaN,NaN,NaN,NaN,NaN,NaN,NaN,NaN,NaN,estimated_only,Execution disabled by HL25_CROSS_RUN=0.
lxzz_impedance,16,50.2654824574367,k,spectral,0.6,0.22841048357733,5,2,160,0.00625,10,100,0.1,4,0.025,80,6561,0.0125,2,0.0125,103041,2601,2601,81,0.658034134474598,2.53260927369835,0.658034134474598,direct,lu,lu,NaN,NaN,NaN,NaN,NaN,NaN,NaN,NaN,NaN,NaN,NaN,estimated_only,Execution disabled by HL25_CROSS_RUN=0.
hu_li_native,32,100.530964914873,0,economic,0.6,0.198842875140985,6,2,320,0.003125,16,256,0.0625,5,0.015625,160,25921,0.00625,2,0.00625,410881,3721,3072,81,2.42638235005553,9.74746036172409,2.42638235005553,direct,lu,lu,NaN,NaN,NaN,NaN,NaN,NaN,NaN,NaN,NaN,NaN,NaN,estimated_only,Execution disabled by HL25_CROSS_RUN=0.
lxzz_dirichlet,32,100.530964914873,0,economic,0.6,0.198842875140985,6,2,320,0.003125,16,256,0.0625,5,0.015625,160,25921,0.00625,2,0.00625,410881,3721,3072,81,2.42638235005553,9.74746036172409,2.42638235005553,direct,lu,lu,NaN,NaN,NaN,NaN,NaN,NaN,NaN,NaN,NaN,NaN,NaN,estimated_only,Execution disabled by HL25_CROSS_RUN=0.
lxzz_impedance,32,100.530964914873,0,economic,0.6,0.198842875140985,6,2,320,0.003125,16,256,0.0625,5,0.015625,160,25921,0.00625,2,0.00625,410881,3721,3072,81,2.42638235005553,9.74746036172409,2.42638235005553,direct,lu,lu,NaN,NaN,NaN,NaN,NaN,NaN,NaN,NaN,NaN,NaN,NaN,estimated_only,Execution disabled by HL25_CROSS_RUN=0.
hu_li_native,32,100.530964914873,0,spectral,0.6,0.198842875140985,6,2,320,0.003125,16,256,0.0625,5,0.015625,160,25921,0.00625,2,0.00625,410881,3721,3721,81,2.46568863080674,9.7867666424753,2.46568863080674,direct,lu,lu,NaN,NaN,NaN,NaN,NaN,NaN,NaN,NaN,NaN,NaN,NaN,estimated_only,Execution disabled by HL25_CROSS_RUN=0.
lxzz_dirichlet,32,100.530964914873,0,spectral,0.6,0.198842875140985,6,2,320,0.003125,16,256,0.0625,5,0.015625,160,25921,0.00625,2,0.00625,410881,3721,3721,81,2.46568863080674,9.7867666424753,2.46568863080674,direct,lu,lu,NaN,NaN,NaN,NaN,NaN,NaN,NaN,NaN,NaN,NaN,NaN,estimated_only,Execution disabled by HL25_CROSS_RUN=0.
lxzz_impedance,32,100.530964914873,0,spectral,0.6,0.198842875140985,6,2,320,0.003125,16,256,0.0625,5,0.015625,160,25921,0.00625,2,0.00625,410881,3721,3721,81,2.46568863080674,9.7867666424753,2.46568863080674,direct,lu,lu,NaN,NaN,NaN,NaN,NaN,NaN,NaN,NaN,NaN,NaN,NaN,estimated_only,Execution disabled by HL25_CROSS_RUN=0.
hu_li_native,32,100.530964914873,k,economic,0.6,0.198842875140985,6,2,320,0.003125,16,256,0.0625,5,0.015625,160,25921,0.00625,2,0.00625,410881,3721,3072,81,2.42638235005553,9.74746036172409,2.42638235005553,direct,lu,lu,NaN,NaN,NaN,NaN,NaN,NaN,NaN,NaN,NaN,NaN,NaN,estimated_only,Execution disabled by HL25_CROSS_RUN=0.
lxzz_dirichlet,32,100.530964914873,k,economic,0.6,0.198842875140985,6,2,320,0.003125,16,256,0.0625,5,0.015625,160,25921,0.00625,2,0.00625,410881,3721,3072,81,2.42638235005553,9.74746036172409,2.42638235005553,direct,lu,lu,NaN,NaN,NaN,NaN,NaN,NaN,NaN,NaN,NaN,NaN,NaN,estimated_only,Execution disabled by HL25_CROSS_RUN=0.
lxzz_impedance,32,100.530964914873,k,economic,0.6,0.198842875140985,6,2,320,0.003125,16,256,0.0625,5,0.015625,160,25921,0.00625,2,0.00625,410881,3721,3072,81,2.42638235005553,9.74746036172409,2.42638235005553,direct,lu,lu,NaN,NaN,NaN,NaN,NaN,NaN,NaN,NaN,NaN,NaN,NaN,estimated_only,Execution disabled by HL25_CROSS_RUN=0.
hu_li_native,32,100.530964914873,k,spectral,0.6,0.198842875140985,6,2,320,0.003125,16,256,0.0625,5,0.015625,160,25921,0.00625,2,0.00625,410881,3721,3721,81,2.46568863080674,9.7867666424753,2.46568863080674,direct,lu,lu,NaN,NaN,NaN,NaN,NaN,NaN,NaN,NaN,NaN,NaN,NaN,estimated_only,Execution disabled by HL25_CROSS_RUN=0.
lxzz_dirichlet,32,100.530964914873,k,spectral,0.6,0.198842875140985,6,2,320,0.003125,16,256,0.0625,5,0.015625,160,25921,0.00625,2,0.00625,410881,3721,3721,81,2.46568863080674,9.7867666424753,2.46568863080674,direct,lu,lu,NaN,NaN,NaN,NaN,NaN,NaN,NaN,NaN,NaN,NaN,NaN,estimated_only,Execution disabled by HL25_CROSS_RUN=0.
lxzz_impedance,32,100.530964914873,k,spectral,0.6,0.198842875140985,6,2,320,0.003125,16,256,0.0625,5,0.015625,160,25921,0.00625,2,0.00625,410881,3721,3721,81,2.46568863080674,9.7867666424753,2.46568863080674,direct,lu,lu,NaN,NaN,NaN,NaN,NaN,NaN,NaN,NaN,NaN,NaN,NaN,estimated_only,Execution disabled by HL25_CROSS_RUN=0.
hu_li_native,64,201.061929829747,0,economic,0.6,0.173102776961405,8,2,768,0.00130208333333333,24,576,0.0416666666666667,8,0.0104166666666667,256,66049,0.00390625,3,0.00390625,2362369,9409,9216,169,14.7752264169177,60.6776014260486,14.7752264169177,direct,lu,lu,NaN,NaN,NaN,NaN,NaN,NaN,NaN,NaN,NaN,NaN,NaN,estimated_only,Execution disabled by HL25_CROSS_RUN=0.
lxzz_dirichlet,64,201.061929829747,0,economic,0.6,0.173102776961405,8,2,768,0.00130208333333333,24,576,0.0416666666666667,8,0.0104166666666667,256,66049,0.00390625,3,0.00390625,2362369,9409,9216,169,14.7752264169177,60.6776014260486,14.7752264169177,direct,lu,lu,NaN,NaN,NaN,NaN,NaN,NaN,NaN,NaN,NaN,NaN,NaN,estimated_only,Execution disabled by HL25_CROSS_RUN=0.
lxzz_impedance,64,201.061929829747,0,economic,0.6,0.173102776961405,8,2,768,0.00130208333333333,24,576,0.0416666666666667,8,0.0104166666666667,256,66049,0.00390625,3,0.00390625,2362369,9409,9216,169,14.7752264169177,60.6776014260486,14.7752264169177,direct,lu,lu,NaN,NaN,NaN,NaN,NaN,NaN,NaN,NaN,NaN,NaN,NaN,estimated_only,Execution disabled by HL25_CROSS_RUN=0.
hu_li_native,64,201.061929829747,0,spectral,0.6,0.173102776961405,8,2,768,0.00130208333333333,24,576,0.0416666666666667,8,0.0104166666666667,256,66049,0.00390625,3,0.00390625,2362369,9409,9409,169,14.8033574194186,60.7057324285495,14.8033574194186,direct,lu,lu,NaN,NaN,NaN,NaN,NaN,NaN,NaN,NaN,NaN,NaN,NaN,estimated_only,Execution disabled by HL25_CROSS_RUN=0.
lxzz_dirichlet,64,201.061929829747,0,spectral,0.6,0.173102776961405,8,2,768,0.00130208333333333,24,576,0.0416666666666667,8,0.0104166666666667,256,66049,0.00390625,3,0.00390625,2362369,9409,9409,169,14.8033574194186,60.7057324285495,14.8033574194186,direct,lu,lu,NaN,NaN,NaN,NaN,NaN,NaN,NaN,NaN,NaN,NaN,NaN,estimated_only,Execution disabled by HL25_CROSS_RUN=0.
lxzz_impedance,64,201.061929829747,0,spectral,0.6,0.173102776961405,8,2,768,0.00130208333333333,24,576,0.0416666666666667,8,0.0104166666666667,256,66049,0.00390625,3,0.00390625,2362369,9409,9409,169,14.8033574194186,60.7057324285495,14.8033574194186,direct,lu,lu,NaN,NaN,NaN,NaN,NaN,NaN,NaN,NaN,NaN,NaN,NaN,estimated_only,Execution disabled by HL25_CROSS_RUN=0.
hu_li_native,64,201.061929829747,k,economic,0.6,0.173102776961405,8,2,768,0.00130208333333333,24,576,0.0416666666666667,8,0.0104166666666667,256,66049,0.00390625,3,0.00390625,2362369,9409,9216,169,14.7752264169177,60.6776014260486,14.7752264169177,direct,lu,lu,NaN,NaN,NaN,NaN,NaN,NaN,NaN,NaN,NaN,NaN,NaN,estimated_only,Execution disabled by HL25_CROSS_RUN=0.
lxzz_dirichlet,64,201.061929829747,k,economic,0.6,0.173102776961405,8,2,768,0.00130208333333333,24,576,0.0416666666666667,8,0.0104166666666667,256,66049,0.00390625,3,0.00390625,2362369,9409,9216,169,14.7752264169177,60.6776014260486,14.7752264169177,direct,lu,lu,NaN,NaN,NaN,NaN,NaN,NaN,NaN,NaN,NaN,NaN,NaN,estimated_only,Execution disabled by HL25_CROSS_RUN=0.
lxzz_impedance,64,201.061929829747,k,economic,0.6,0.173102776961405,8,2,768,0.00130208333333333,24,576,0.0416666666666667,8,0.0104166666666667,256,66049,0.00390625,3,0.00390625,2362369,9409,9216,169,14.7752264169177,60.6776014260486,14.7752264169177,direct,lu,lu,NaN,NaN,NaN,NaN,NaN,NaN,NaN,NaN,NaN,NaN,NaN,estimated_only,Execution disabled by HL25_CROSS_RUN=0.
hu_li_native,64,201.061929829747,k,spectral,0.6,0.173102776961405,8,2,768,0.00130208333333333,24,576,0.0416666666666667,8,0.0104166666666667,256,66049,0.00390625,3,0.00390625,2362369,9409,9409,169,14.8033574194186,60.7057324285495,14.8033574194186,direct,lu,lu,NaN,NaN,NaN,NaN,NaN,NaN,NaN,NaN,NaN,NaN,NaN,estimated_only,Execution disabled by HL25_CROSS_RUN=0.
lxzz_dirichlet,64,201.061929829747,k,spectral,0.6,0.173102776961405,8,2,768,0.00130208333333333,24,576,0.0416666666666667,8,0.0104166666666667,256,66049,0.00390625,3,0.00390625,2362369,9409,9409,169,14.8033574194186,60.7057324285495,14.8033574194186,direct,lu,lu,NaN,NaN,NaN,NaN,NaN,NaN,NaN,NaN,NaN,NaN,NaN,estimated_only,Execution disabled by HL25_CROSS_RUN=0.
lxzz_impedance,64,201.061929829747,k,spectral,0.6,0.173102776961405,8,2,768,0.00130208333333333,24,576,0.0416666666666667,8,0.0104166666666667,256,66049,0.00390625,3,0.00390625,2362369,9409,9409,169,14.8033574194186,60.7057324285495,14.8033574194186,direct,lu,lu,NaN,NaN,NaN,NaN,NaN,NaN,NaN,NaN,NaN,NaN,NaN,estimated_only,Execution disabled by HL25_CROSS_RUN=0.
hu_li_native,128,402.123859659494,0,economic,0.6,0.150694719991875,11,2,1924,0.00051975051975052,37,1369,0.027027027027027,13,0.00675675675675676,481,232324,0.00207900207900208,4,0.00207900207900208,14814801,24649,30118,289,100.241150240194,410.430365858766,100.241150240194,direct,direct,lu,NaN,NaN,NaN,NaN,NaN,NaN,NaN,NaN,NaN,NaN,NaN,estimated_only,Execution disabled by HL25_CROSS_RUN=0.
lxzz_dirichlet,128,402.123859659494,0,economic,0.6,0.150694719991875,11,2,1924,0.00051975051975052,37,1369,0.027027027027027,13,0.00675675675675676,481,232324,0.00207900207900208,4,0.00207900207900208,14814801,24649,30118,289,100.241150240194,410.430365858766,100.241150240194,direct,direct,lu,NaN,NaN,NaN,NaN,NaN,NaN,NaN,NaN,NaN,NaN,NaN,estimated_only,Execution disabled by HL25_CROSS_RUN=0.
lxzz_impedance,128,402.123859659494,0,economic,0.6,0.150694719991875,11,2,1924,0.00051975051975052,37,1369,0.027027027027027,13,0.00675675675675676,481,232324,0.00207900207900208,4,0.00207900207900208,14814801,24649,30118,289,100.241150240194,410.430365858766,100.241150240194,direct,direct,lu,NaN,NaN,NaN,NaN,NaN,NaN,NaN,NaN,NaN,NaN,NaN,estimated_only,Execution disabled by HL25_CROSS_RUN=0.
hu_li_native,128,402.123859659494,0,spectral,0.6,0.150694719991875,11,2,1924,0.00051975051975052,37,1369,0.027027027027027,13,0.00675675675675676,481,232324,0.00207900207900208,4,0.00207900207900208,14814801,24649,24649,289,98.1995002337975,408.388715852369,98.1995002337975,direct,direct,lu,NaN,NaN,NaN,NaN,NaN,NaN,NaN,NaN,NaN,NaN,NaN,estimated_only,Execution disabled by HL25_CROSS_RUN=0.
lxzz_dirichlet,128,402.123859659494,0,spectral,0.6,0.150694719991875,11,2,1924,0.00051975051975052,37,1369,0.027027027027027,13,0.00675675675675676,481,232324,0.00207900207900208,4,0.00207900207900208,14814801,24649,24649,289,98.1995002337975,408.388715852369,98.1995002337975,direct,direct,lu,NaN,NaN,NaN,NaN,NaN,NaN,NaN,NaN,NaN,NaN,NaN,estimated_only,Execution disabled by HL25_CROSS_RUN=0.
lxzz_impedance,128,402.123859659494,0,spectral,0.6,0.150694719991875,11,2,1924,0.00051975051975052,37,1369,0.027027027027027,13,0.00675675675675676,481,232324,0.00207900207900208,4,0.00207900207900208,14814801,24649,24649,289,98.1995002337975,408.388715852369,98.1995002337975,direct,direct,lu,NaN,NaN,NaN,NaN,NaN,NaN,NaN,NaN,NaN,NaN,NaN,estimated_only,Execution disabled by HL25_CROSS_RUN=0.
hu_li_native,128,402.123859659494,k,economic,0.6,0.150694719991875,11,2,1924,0.00051975051975052,37,1369,0.027027027027027,13,0.00675675675675676,481,232324,0.00207900207900208,4,0.00207900207900208,14814801,24649,30118,289,100.241150240194,410.430365858766,100.241150240194,direct,direct,lu,NaN,NaN,NaN,NaN,NaN,NaN,NaN,NaN,NaN,NaN,NaN,estimated_only,Execution disabled by HL25_CROSS_RUN=0.
lxzz_dirichlet,128,402.123859659494,k,economic,0.6,0.150694719991875,11,2,1924,0.00051975051975052,37,1369,0.027027027027027,13,0.00675675675675676,481,232324,0.00207900207900208,4,0.00207900207900208,14814801,24649,30118,289,100.241150240194,410.430365858766,100.241150240194,direct,direct,lu,NaN,NaN,NaN,NaN,NaN,NaN,NaN,NaN,NaN,NaN,NaN,estimated_only,Execution disabled by HL25_CROSS_RUN=0.
lxzz_impedance,128,402.123859659494,k,economic,0.6,0.150694719991875,11,2,1924,0.00051975051975052,37,1369,0.027027027027027,13,0.00675675675675676,481,232324,0.00207900207900208,4,0.00207900207900208,14814801,24649,30118,289,100.241150240194,410.430365858766,100.241150240194,direct,direct,lu,NaN,NaN,NaN,NaN,NaN,NaN,NaN,NaN,NaN,NaN,NaN,estimated_only,Execution disabled by HL25_CROSS_RUN=0.
hu_li_native,128,402.123859659494,k,spectral,0.6,0.150694719991875,11,2,1924,0.00051975051975052,37,1369,0.027027027027027,13,0.00675675675675676,481,232324,0.00207900207900208,4,0.00207900207900208,14814801,24649,24649,289,98.1995002337975,408.388715852369,98.1995002337975,direct,direct,lu,NaN,NaN,NaN,NaN,NaN,NaN,NaN,NaN,NaN,NaN,NaN,estimated_only,Execution disabled by HL25_CROSS_RUN=0.
lxzz_dirichlet,128,402.123859659494,k,spectral,0.6,0.150694719991875,11,2,1924,0.00051975051975052,37,1369,0.027027027027027,13,0.00675675675675676,481,232324,0.00207900207900208,4,0.00207900207900208,14814801,24649,24649,289,98.1995002337975,408.388715852369,98.1995002337975,direct,direct,lu,NaN,NaN,NaN,NaN,NaN,NaN,NaN,NaN,NaN,NaN,NaN,estimated_only,Execution disabled by HL25_CROSS_RUN=0.
lxzz_impedance,128,402.123859659494,k,spectral,0.6,0.150694719991875,11,2,1924,0.00051975051975052,37,1369,0.027027027027027,13,0.00675675675675676,481,232324,0.00207900207900208,4,0.00207900207900208,14814801,24649,24649,289,98.1995002337975,408.388715852369,98.1995002337975,direct,direct,lu,NaN,NaN,NaN,NaN,NaN,NaN,NaN,NaN,NaN,NaN,NaN,estimated_only,Execution disabled by HL25_CROSS_RUN=0.
hu_li_native,16,50.2654824574367,0,economic,0.7,0.27783024764625,3,2,192,0.00520833333333333,16,256,0.0625,3,0.015625,64,4225,0.015625,3,0.015625,148225,1369,1536,169,0.802611056327853,3.46108265144087,0.802611056327853,direct,lu,lu,NaN,NaN,NaN,NaN,NaN,NaN,NaN,NaN,NaN,NaN,NaN,estimated_only,Execution disabled by HL25_CROSS_RUN=0.
lxzz_dirichlet,16,50.2654824574367,0,economic,0.7,0.27783024764625,3,2,192,0.00520833333333333,16,256,0.0625,3,0.015625,64,4225,0.015625,3,0.015625,148225,1369,1536,169,0.802611056327853,3.46108265144087,0.802611056327853,direct,lu,lu,NaN,NaN,NaN,NaN,NaN,NaN,NaN,NaN,NaN,NaN,NaN,estimated_only,Execution disabled by HL25_CROSS_RUN=0.
lxzz_impedance,16,50.2654824574367,0,economic,0.7,0.27783024764625,3,2,192,0.00520833333333333,16,256,0.0625,3,0.015625,64,4225,0.015625,3,0.015625,148225,1369,1536,169,0.802611056327853,3.46108265144087,0.802611056327853,direct,lu,lu,NaN,NaN,NaN,NaN,NaN,NaN,NaN,NaN,NaN,NaN,NaN,estimated_only,Execution disabled by HL25_CROSS_RUN=0.
hu_li_native,16,50.2654824574367,0,spectral,0.7,0.27783024764625,3,2,192,0.00520833333333333,16,256,0.0625,3,0.015625,64,4225,0.015625,3,0.015625,148225,1369,1369,169,0.798410666618972,3.45688226173199,0.798410666618972,direct,lu,lu,NaN,NaN,NaN,NaN,NaN,NaN,NaN,NaN,NaN,NaN,NaN,estimated_only,Execution disabled by HL25_CROSS_RUN=0.
lxzz_dirichlet,16,50.2654824574367,0,spectral,0.7,0.27783024764625,3,2,192,0.00520833333333333,16,256,0.0625,3,0.015625,64,4225,0.015625,3,0.015625,148225,1369,1369,169,0.798410666618972,3.45688226173199,0.798410666618972,direct,lu,lu,NaN,NaN,NaN,NaN,NaN,NaN,NaN,NaN,NaN,NaN,NaN,estimated_only,Execution disabled by HL25_CROSS_RUN=0.
lxzz_impedance,16,50.2654824574367,0,spectral,0.7,0.27783024764625,3,2,192,0.00520833333333333,16,256,0.0625,3,0.015625,64,4225,0.015625,3,0.015625,148225,1369,1369,169,0.798410666618972,3.45688226173199,0.798410666618972,direct,lu,lu,NaN,NaN,NaN,NaN,NaN,NaN,NaN,NaN,NaN,NaN,NaN,estimated_only,Execution disabled by HL25_CROSS_RUN=0.
hu_li_native,16,50.2654824574367,k,economic,0.7,0.27783024764625,3,2,192,0.00520833333333333,16,256,0.0625,3,0.015625,64,4225,0.015625,3,0.015625,148225,1369,1536,169,0.802611056327853,3.46108265144087,0.802611056327853,direct,lu,lu,NaN,NaN,NaN,NaN,NaN,NaN,NaN,NaN,NaN,NaN,NaN,estimated_only,Execution disabled by HL25_CROSS_RUN=0.
lxzz_dirichlet,16,50.2654824574367,k,economic,0.7,0.27783024764625,3,2,192,0.00520833333333333,16,256,0.0625,3,0.015625,64,4225,0.015625,3,0.015625,148225,1369,1536,169,0.802611056327853,3.46108265144087,0.802611056327853,direct,lu,lu,NaN,NaN,NaN,NaN,NaN,NaN,NaN,NaN,NaN,NaN,NaN,estimated_only,Execution disabled by HL25_CROSS_RUN=0.
lxzz_impedance,16,50.2654824574367,k,economic,0.7,0.27783024764625,3,2,192,0.00520833333333333,16,256,0.0625,3,0.015625,64,4225,0.015625,3,0.015625,148225,1369,1536,169,0.802611056327853,3.46108265144087,0.802611056327853,direct,lu,lu,NaN,NaN,NaN,NaN,NaN,NaN,NaN,NaN,NaN,NaN,NaN,estimated_only,Execution disabled by HL25_CROSS_RUN=0.
hu_li_native,16,50.2654824574367,k,spectral,0.7,0.27783024764625,3,2,192,0.00520833333333333,16,256,0.0625,3,0.015625,64,4225,0.015625,3,0.015625,148225,1369,1369,169,0.798410666618972,3.45688226173199,0.798410666618972,direct,lu,lu,NaN,NaN,NaN,NaN,NaN,NaN,NaN,NaN,NaN,NaN,NaN,estimated_only,Execution disabled by HL25_CROSS_RUN=0.
lxzz_dirichlet,16,50.2654824574367,k,spectral,0.7,0.27783024764625,3,2,192,0.00520833333333333,16,256,0.0625,3,0.015625,64,4225,0.015625,3,0.015625,148225,1369,1369,169,0.798410666618972,3.45688226173199,0.798410666618972,direct,lu,lu,NaN,NaN,NaN,NaN,NaN,NaN,NaN,NaN,NaN,NaN,NaN,estimated_only,Execution disabled by HL25_CROSS_RUN=0.
lxzz_impedance,16,50.2654824574367,k,spectral,0.7,0.27783024764625,3,2,192,0.00520833333333333,16,256,0.0625,3,0.015625,64,4225,0.015625,3,0.015625,148225,1369,1369,169,0.798410666618972,3.45688226173199,0.798410666618972,direct,lu,lu,NaN,NaN,NaN,NaN,NaN,NaN,NaN,NaN,NaN,NaN,NaN,estimated_only,Execution disabled by HL25_CROSS_RUN=0.
hu_li_native,32,100.530964914873,0,economic,0.7,0.250394639218464,4,2,400,0.0025,25,625,0.04,4,0.01,200,40401,0.005,2,0.005,641601,2401,5000,81,3.75485131809452,14.9517958029301,3.75485131809452,direct,lu,lu,NaN,NaN,NaN,NaN,NaN,NaN,NaN,NaN,NaN,NaN,NaN,estimated_only,Execution disabled by HL25_CROSS_RUN=0.
lxzz_dirichlet,32,100.530964914873,0,economic,0.7,0.250394639218464,4,2,400,0.0025,25,625,0.04,4,0.01,200,40401,0.005,2,0.005,641601,2401,5000,81,3.75485131809452,14.9517958029301,3.75485131809452,direct,lu,lu,NaN,NaN,NaN,NaN,NaN,NaN,NaN,NaN,NaN,NaN,NaN,estimated_only,Execution disabled by HL25_CROSS_RUN=0.
lxzz_impedance,32,100.530964914873,0,economic,0.7,0.250394639218464,4,2,400,0.0025,25,625,0.04,4,0.01,200,40401,0.005,2,0.005,641601,2401,5000,81,3.75485131809452,14.9517958029301,3.75485131809452,direct,lu,lu,NaN,NaN,NaN,NaN,NaN,NaN,NaN,NaN,NaN,NaN,NaN,estimated_only,Execution disabled by HL25_CROSS_RUN=0.
hu_li_native,32,100.530964914873,0,spectral,0.7,0.250394639218464,4,2,400,0.0025,25,625,0.04,4,0.01,200,40401,0.005,2,0.005,641601,2401,2401,81,3.64849199267774,14.8454364775133,3.64849199267774,direct,lu,lu,NaN,NaN,NaN,NaN,NaN,NaN,NaN,NaN,NaN,NaN,NaN,estimated_only,Execution disabled by HL25_CROSS_RUN=0.
lxzz_dirichlet,32,100.530964914873,0,spectral,0.7,0.250394639218464,4,2,400,0.0025,25,625,0.04,4,0.01,200,40401,0.005,2,0.005,641601,2401,2401,81,3.64849199267774,14.8454364775133,3.64849199267774,direct,lu,lu,NaN,NaN,NaN,NaN,NaN,NaN,NaN,NaN,NaN,NaN,NaN,estimated_only,Execution disabled by HL25_CROSS_RUN=0.
lxzz_impedance,32,100.530964914873,0,spectral,0.7,0.250394639218464,4,2,400,0.0025,25,625,0.04,4,0.01,200,40401,0.005,2,0.005,641601,2401,2401,81,3.64849199267774,14.8454364775133,3.64849199267774,direct,lu,lu,NaN,NaN,NaN,NaN,NaN,NaN,NaN,NaN,NaN,NaN,NaN,estimated_only,Execution disabled by HL25_CROSS_RUN=0.
hu_li_native,32,100.530964914873,k,economic,0.7,0.250394639218464,4,2,400,0.0025,25,625,0.04,4,0.01,200,40401,0.005,2,0.005,641601,2401,5000,81,3.75485131809452,14.9517958029301,3.75485131809452,direct,lu,lu,NaN,NaN,NaN,NaN,NaN,NaN,NaN,NaN,NaN,NaN,NaN,estimated_only,Execution disabled by HL25_CROSS_RUN=0.
lxzz_dirichlet,32,100.530964914873,k,economic,0.7,0.250394639218464,4,2,400,0.0025,25,625,0.04,4,0.01,200,40401,0.005,2,0.005,641601,2401,5000,81,3.75485131809452,14.9517958029301,3.75485131809452,direct,lu,lu,NaN,NaN,NaN,NaN,NaN,NaN,NaN,NaN,NaN,NaN,NaN,estimated_only,Execution disabled by HL25_CROSS_RUN=0.
lxzz_impedance,32,100.530964914873,k,economic,0.7,0.250394639218464,4,2,400,0.0025,25,625,0.04,4,0.01,200,40401,0.005,2,0.005,641601,2401,5000,81,3.75485131809452,14.9517958029301,3.75485131809452,direct,lu,lu,NaN,NaN,NaN,NaN,NaN,NaN,NaN,NaN,NaN,NaN,NaN,estimated_only,Execution disabled by HL25_CROSS_RUN=0.
hu_li_native,32,100.530964914873,k,spectral,0.7,0.250394639218464,4,2,400,0.0025,25,625,0.04,4,0.01,200,40401,0.005,2,0.005,641601,2401,2401,81,3.64849199267774,14.8454364775133,3.64849199267774,direct,lu,lu,NaN,NaN,NaN,NaN,NaN,NaN,NaN,NaN,NaN,NaN,NaN,estimated_only,Execution disabled by HL25_CROSS_RUN=0.
lxzz_dirichlet,32,100.530964914873,k,spectral,0.7,0.250394639218464,4,2,400,0.0025,25,625,0.04,4,0.01,200,40401,0.005,2,0.005,641601,2401,2401,81,3.64849199267774,14.8454364775133,3.64849199267774,direct,lu,lu,NaN,NaN,NaN,NaN,NaN,NaN,NaN,NaN,NaN,NaN,NaN,estimated_only,Execution disabled by HL25_CROSS_RUN=0.
lxzz_impedance,32,100.530964914873,k,spectral,0.7,0.250394639218464,4,2,400,0.0025,25,625,0.04,4,0.01,200,40401,0.005,2,0.005,641601,2401,2401,81,3.64849199267774,14.8454364775133,3.64849199267774,direct,lu,lu,NaN,NaN,NaN,NaN,NaN,NaN,NaN,NaN,NaN,NaN,NaN,estimated_only,Execution disabled by HL25_CROSS_RUN=0.
hu_li_native,64,201.061929829747,0,economic,0.7,0.225668284430913,5,2,820,0.00121951219512195,41,1681,0.024390243902439,5,0.00609756097560976,205,42436,0.0048780487804878,4,0.0048780487804878,2692881,3969,16810,289,16.4589831516935,70.0933308919192,16.4589831516935,direct,lu,lu,NaN,NaN,NaN,NaN,NaN,NaN,NaN,NaN,NaN,NaN,NaN,estimated_only,Execution disabled by HL25_CROSS_RUN=0.
lxzz_dirichlet,64,201.061929829747,0,economic,0.7,0.225668284430913,5,2,820,0.00121951219512195,41,1681,0.024390243902439,5,0.00609756097560976,205,42436,0.0048780487804878,4,0.0048780487804878,2692881,3969,16810,289,16.4589831516935,70.0933308919192,16.4589831516935,direct,lu,lu,NaN,NaN,NaN,NaN,NaN,NaN,NaN,NaN,NaN,NaN,NaN,estimated_only,Execution disabled by HL25_CROSS_RUN=0.
lxzz_impedance,64,201.061929829747,0,economic,0.7,0.225668284430913,5,2,820,0.00121951219512195,41,1681,0.024390243902439,5,0.00609756097560976,205,42436,0.0048780487804878,4,0.0048780487804878,2692881,3969,16810,289,16.4589831516935,70.0933308919192,16.4589831516935,direct,lu,lu,NaN,NaN,NaN,NaN,NaN,NaN,NaN,NaN,NaN,NaN,NaN,estimated_only,Execution disabled by HL25_CROSS_RUN=0.
hu_li_native,64,201.061929829747,0,spectral,0.7,0.225668284430913,5,2,820,0.00121951219512195,41,1681,0.024390243902439,5,0.00609756097560976,205,42436,0.0048780487804878,4,0.0048780487804878,2692881,3969,3969,289,15.6280421565851,69.2623898968109,15.6280421565851,direct,lu,lu,NaN,NaN,NaN,NaN,NaN,NaN,NaN,NaN,NaN,NaN,NaN,estimated_only,Execution disabled by HL25_CROSS_RUN=0.
lxzz_dirichlet,64,201.061929829747,0,spectral,0.7,0.225668284430913,5,2,820,0.00121951219512195,41,1681,0.024390243902439,5,0.00609756097560976,205,42436,0.0048780487804878,4,0.0048780487804878,2692881,3969,3969,289,15.6280421565851,69.2623898968109,15.6280421565851,direct,lu,lu,NaN,NaN,NaN,NaN,NaN,NaN,NaN,NaN,NaN,NaN,NaN,estimated_only,Execution disabled by HL25_CROSS_RUN=0.
lxzz_impedance,64,201.061929829747,0,spectral,0.7,0.225668284430913,5,2,820,0.00121951219512195,41,1681,0.024390243902439,5,0.00609756097560976,205,42436,0.0048780487804878,4,0.0048780487804878,2692881,3969,3969,289,15.6280421565851,69.2623898968109,15.6280421565851,direct,lu,lu,NaN,NaN,NaN,NaN,NaN,NaN,NaN,NaN,NaN,NaN,NaN,estimated_only,Execution disabled by HL25_CROSS_RUN=0.
hu_li_native,64,201.061929829747,k,economic,0.7,0.225668284430913,5,2,820,0.00121951219512195,41,1681,0.024390243902439,5,0.00609756097560976,205,42436,0.0048780487804878,4,0.0048780487804878,2692881,3969,16810,289,16.4589831516935,70.0933308919192,16.4589831516935,direct,lu,lu,NaN,NaN,NaN,NaN,NaN,NaN,NaN,NaN,NaN,NaN,NaN,estimated_only,Execution disabled by HL25_CROSS_RUN=0.
lxzz_dirichlet,64,201.061929829747,k,economic,0.7,0.225668284430913,5,2,820,0.00121951219512195,41,1681,0.024390243902439,5,0.00609756097560976,205,42436,0.0048780487804878,4,0.0048780487804878,2692881,3969,16810,289,16.4589831516935,70.0933308919192,16.4589831516935,direct,lu,lu,NaN,NaN,NaN,NaN,NaN,NaN,NaN,NaN,NaN,NaN,NaN,estimated_only,Execution disabled by HL25_CROSS_RUN=0.
lxzz_impedance,64,201.061929829747,k,economic,0.7,0.225668284430913,5,2,820,0.00121951219512195,41,1681,0.024390243902439,5,0.00609756097560976,205,42436,0.0048780487804878,4,0.0048780487804878,2692881,3969,16810,289,16.4589831516935,70.0933308919192,16.4589831516935,direct,lu,lu,NaN,NaN,NaN,NaN,NaN,NaN,NaN,NaN,NaN,NaN,NaN,estimated_only,Execution disabled by HL25_CROSS_RUN=0.
hu_li_native,64,201.061929829747,k,spectral,0.7,0.225668284430913,5,2,820,0.00121951219512195,41,1681,0.024390243902439,5,0.00609756097560976,205,42436,0.0048780487804878,4,0.0048780487804878,2692881,3969,3969,289,15.6280421565851,69.2623898968109,15.6280421565851,direct,lu,lu,NaN,NaN,NaN,NaN,NaN,NaN,NaN,NaN,NaN,NaN,NaN,estimated_only,Execution disabled by HL25_CROSS_RUN=0.
lxzz_dirichlet,64,201.061929829747,k,spectral,0.7,0.225668284430913,5,2,820,0.00121951219512195,41,1681,0.024390243902439,5,0.00609756097560976,205,42436,0.0048780487804878,4,0.0048780487804878,2692881,3969,3969,289,15.6280421565851,69.2623898968109,15.6280421565851,direct,lu,lu,NaN,NaN,NaN,NaN,NaN,NaN,NaN,NaN,NaN,NaN,NaN,estimated_only,Execution disabled by HL25_CROSS_RUN=0.
lxzz_impedance,64,201.061929829747,k,spectral,0.7,0.225668284430913,5,2,820,0.00121951219512195,41,1681,0.024390243902439,5,0.00609756097560976,205,42436,0.0048780487804878,4,0.0048780487804878,2692881,3969,3969,289,15.6280421565851,69.2623898968109,15.6280421565851,direct,lu,lu,NaN,NaN,NaN,NaN,NaN,NaN,NaN,NaN,NaN,NaN,NaN,estimated_only,Execution disabled by HL25_CROSS_RUN=0.
hu_li_native,128,402.123859659494,0,economic,0.7,0.203383645739953,6,2,1876,0.000533049040511727,67,4489,0.0149253731343284,7,0.00373134328358209,469,220900,0.00213219616204691,4,0.00213219616204691,14085009,7225,53868,289,90.6251375643318,370.035311380988,90.6251375643318,direct,direct,lu,NaN,NaN,NaN,NaN,NaN,NaN,NaN,NaN,NaN,NaN,NaN,estimated_only,Execution disabled by HL25_CROSS_RUN=0.
lxzz_dirichlet,128,402.123859659494,0,economic,0.7,0.203383645739953,6,2,1876,0.000533049040511727,67,4489,0.0149253731343284,7,0.00373134328358209,469,220900,0.00213219616204691,4,0.00213219616204691,14085009,7225,53868,289,90.6251375643318,370.035311380988,90.6251375643318,direct,direct,lu,NaN,NaN,NaN,NaN,NaN,NaN,NaN,NaN,NaN,NaN,NaN,estimated_only,Execution disabled by HL25_CROSS_RUN=0.
lxzz_impedance,128,402.123859659494,0,economic,0.7,0.203383645739953,6,2,1876,0.000533049040511727,67,4489,0.0149253731343284,7,0.00373134328358209,469,220900,0.00213219616204691,4,0.00213219616204691,14085009,7225,53868,289,90.6251375643318,370.035311380988,90.6251375643318,direct,direct,lu,NaN,NaN,NaN,NaN,NaN,NaN,NaN,NaN,NaN,NaN,NaN,estimated_only,Execution disabled by HL25_CROSS_RUN=0.
hu_li_native,128,402.123859659494,0,spectral,0.7,0.203383645739953,6,2,1876,0.000533049040511727,67,4489,0.0149253731343284,7,0.00373134328358209,469,220900,0.00213219616204691,4,0.00213219616204691,14085009,7225,7225,289,85.3231878856769,364.733361702333,85.3231878856769,direct,direct,lu,NaN,NaN,NaN,NaN,NaN,NaN,NaN,NaN,NaN,NaN,NaN,estimated_only,Execution disabled by HL25_CROSS_RUN=0.
lxzz_dirichlet,128,402.123859659494,0,spectral,0.7,0.203383645739953,6,2,1876,0.000533049040511727,67,4489,0.0149253731343284,7,0.00373134328358209,469,220900,0.00213219616204691,4,0.00213219616204691,14085009,7225,7225,289,85.3231878856769,364.733361702333,85.3231878856769,direct,direct,lu,NaN,NaN,NaN,NaN,NaN,NaN,NaN,NaN,NaN,NaN,NaN,estimated_only,Execution disabled by HL25_CROSS_RUN=0.
lxzz_impedance,128,402.123859659494,0,spectral,0.7,0.203383645739953,6,2,1876,0.000533049040511727,67,4489,0.0149253731343284,7,0.00373134328358209,469,220900,0.00213219616204691,4,0.00213219616204691,14085009,7225,7225,289,85.3231878856769,364.733361702333,85.3231878856769,direct,direct,lu,NaN,NaN,NaN,NaN,NaN,NaN,NaN,NaN,NaN,NaN,NaN,estimated_only,Execution disabled by HL25_CROSS_RUN=0.
hu_li_native,128,402.123859659494,k,economic,0.7,0.203383645739953,6,2,1876,0.000533049040511727,67,4489,0.0149253731343284,7,0.00373134328358209,469,220900,0.00213219616204691,4,0.00213219616204691,14085009,7225,53868,289,90.6251375643318,370.035311380988,90.6251375643318,direct,direct,lu,NaN,NaN,NaN,NaN,NaN,NaN,NaN,NaN,NaN,NaN,NaN,estimated_only,Execution disabled by HL25_CROSS_RUN=0.
lxzz_dirichlet,128,402.123859659494,k,economic,0.7,0.203383645739953,6,2,1876,0.000533049040511727,67,4489,0.0149253731343284,7,0.00373134328358209,469,220900,0.00213219616204691,4,0.00213219616204691,14085009,7225,53868,289,90.6251375643318,370.035311380988,90.6251375643318,direct,direct,lu,NaN,NaN,NaN,NaN,NaN,NaN,NaN,NaN,NaN,NaN,NaN,estimated_only,Execution disabled by HL25_CROSS_RUN=0.
lxzz_impedance,128,402.123859659494,k,economic,0.7,0.203383645739953,6,2,1876,0.000533049040511727,67,4489,0.0149253731343284,7,0.00373134328358209,469,220900,0.00213219616204691,4,0.00213219616204691,14085009,7225,53868,289,90.6251375643318,370.035311380988,90.6251375643318,direct,direct,lu,NaN,NaN,NaN,NaN,NaN,NaN,NaN,NaN,NaN,NaN,NaN,estimated_only,Execution disabled by HL25_CROSS_RUN=0.
hu_li_native,128,402.123859659494,k,spectral,0.7,0.203383645739953,6,2,1876,0.000533049040511727,67,4489,0.0149253731343284,7,0.00373134328358209,469,220900,0.00213219616204691,4,0.00213219616204691,14085009,7225,7225,289,85.3231878856769,364.733361702333,85.3231878856769,direct,direct,lu,NaN,NaN,NaN,NaN,NaN,NaN,NaN,NaN,NaN,NaN,NaN,estimated_only,Execution disabled by HL25_CROSS_RUN=0.
lxzz_dirichlet,128,402.123859659494,k,spectral,0.7,0.203383645739953,6,2,1876,0.000533049040511727,67,4489,0.0149253731343284,7,0.00373134328358209,469,220900,0.00213219616204691,4,0.00213219616204691,14085009,7225,7225,289,85.3231878856769,364.733361702333,85.3231878856769,direct,direct,lu,NaN,NaN,NaN,NaN,NaN,NaN,NaN,NaN,NaN,NaN,NaN,estimated_only,Execution disabled by HL25_CROSS_RUN=0.
lxzz_impedance,128,402.123859659494,k,spectral,0.7,0.203383645739953,6,2,1876,0.000533049040511727,67,4489,0.0149253731343284,7,0.00373134328358209,469,220900,0.00213219616204691,4,0.00213219616204691,14085009,7225,7225,289,85.3231878856769,364.733361702333,85.3231878856769,direct,direct,lu,NaN,NaN,NaN,NaN,NaN,NaN,NaN,NaN,NaN,NaN,NaN,estimated_only,Execution disabled by HL25_CROSS_RUN=0.
hu_li_native,16,50.2654824574367,0,economic,0.5,0.187781386116236,7,2,140,0.00714285714285714,7,49,0.142857142857143,5,0.0357142857142857,70,5041,0.0142857142857143,2,0.0142857142857143,78961,3721,686,81,0.455622031753342,1.85833826129717,0.455622031753342,direct,lu,lu,686,686,0.184359043267939,5,0,1.13375956212874e-07,6,299.4695994,0.4782032,1.4016549,308.7594697,ran,
lxzz_dirichlet,16,50.2654824574367,0,economic,0.5,0.187781386116236,7,2,140,0.00714285714285714,7,49,0.142857142857143,5,0.0357142857142857,70,5041,0.0142857142857143,2,0.0142857142857143,78961,3721,686,81,0.455622031753342,1.85833826129717,0.455622031753342,direct,lu,lu,686,686,0.184359043267939,114,0,9.27122021404666e-07,115,339.7757785,1356.4252736,1361.938881,1711.16039,ran,
lxzz_impedance,16,50.2654824574367,0,economic,0.5,0.187781386116236,7,2,140,0.00714285714285714,7,49,0.142857142857143,5,0.0357142857142857,70,5041,0.0142857142857143,2,0.0142857142857143,78961,3721,686,81,0.455622031753342,1.85833826129717,0.455622031753342,direct,lu,lu,686,686,0.184359043267939,84,0,9.97596838579811e-07,85,385.3686903,1023.6250756,1027.1476359,2824.3384265,ran,
hu_li_native,16,50.2654824574367,0,spectral,0.5,0.187781386116236,7,2,140,0.00714285714285714,7,49,0.142857142857143,5,0.0357142857142857,70,5041,0.0142857142857143,2,0.0142857142857143,78961,3721,3721,81,0.63874978096887,2.0414660105127,0.63874978096887,direct,lu,lu,1961,1961,0.527008868583714,5,0,2.809635952335e-07,6,17.0813319,0.7268943,1.5248284,26.0666711,ran,
lxzz_dirichlet,16,50.2654824574367,0,spectral,0.5,0.187781386116236,7,2,140,0.00714285714285714,7,49,0.142857142857143,5,0.0357142857142857,70,5041,0.0142857142857143,2,0.0142857142857143,78961,3721,3721,81,0.63874978096887,2.0414660105127,0.63874978096887,direct,lu,lu,1961,1961,0.527008868583714,102,0,9.99208109228188e-07,103,58.6889025,1275.5315997,1280.5432392,1348.344001,ran,
lxzz_impedance,16,50.2654824574367,0,spectral,0.5,0.187781386116236,7,2,140,0.00714285714285714,7,49,0.142857142857143,5,0.0357142857142857,70,5041,0.0142857142857143,2,0.0142857142857143,78961,3721,3721,81,0.63874978096887,2.0414660105127,0.63874978096887,direct,lu,lu,1961,1961,0.527008868583714,89,0,9.89426193496156e-07,90,103.3015256,1080.6936542,1084.6636477,2519.3991125,ran,
hu_li_native,16,50.2654824574367,k,economic,0.5,0.187781386116236,7,2,140,0.00714285714285714,7,49,0.142857142857143,5,0.0357142857142857,70,5041,0.0142857142857143,2,0.0142857142857143,78961,3721,686,81,0.455622031753342,1.85833826129717,0.455622031753342,direct,lu,lu,686,686,0.184359043267939,5,0,7.35373871966103e-08,6,4.5230845,0.4389395,1.2402913,13.1495157,ran,
lxzz_dirichlet,16,50.2654824574367,k,economic,0.5,0.187781386116236,7,2,140,0.00714285714285714,7,49,0.142857142857143,5,0.0357142857142857,70,5041,0.0142857142857143,2,0.0142857142857143,78961,3721,686,81,0.455622031753342,1.85833826129717,0.455622031753342,direct,lu,lu,686,686,0.184359043267939,114,0,9.49946397115181e-07,115,48.7130235,1376.1066352,1381.6619726,1439.0890671,ran,
lxzz_impedance,16,50.2654824574367,k,economic,0.5,0.187781386116236,7,2,140,0.00714285714285714,7,49,0.142857142857143,5,0.0357142857142857,70,5041,0.0142857142857143,2,0.0142857142857143,78961,3721,686,81,0.455622031753342,1.85833826129717,0.455622031753342,direct,lu,lu,686,686,0.184359043267939,75,0,9.82945516498077e-07,76,91.0294355,913.0342824,916.0851291,2441.8165169,ran,
hu_li_native,16,50.2654824574367,k,spectral,0.5,0.187781386116236,7,2,140,0.00714285714285714,7,49,0.142857142857143,5,0.0357142857142857,70,5041,0.0142857142857143,2,0.0142857142857143,78961,3721,3721,81,0.63874978096887,2.0414660105127,0.63874978096887,direct,lu,lu,1961,1961,0.527008868583714,5,0,9.67760542692889e-08,6,17.3544098,0.7195191,1.543133,26.4349191,ran,
lxzz_dirichlet,16,50.2654824574367,k,spectral,0.5,0.187781386116236,7,2,140,0.00714285714285714,7,49,0.142857142857143,5,0.0357142857142857,70,5041,0.0142857142857143,2,0.0142857142857143,78961,3721,3721,81,0.63874978096887,2.0414660105127,0.63874978096887,direct,lu,lu,1961,1961,0.527008868583714,106,0,8.00505300628492e-07,107,61.7914087,1281.071618,1286.1314445,1357.1196581,ran,
lxzz_impedance,16,50.2654824574367,k,spectral,0.5,0.187781386116236,7,2,140,0.00714285714285714,7,49,0.142857142857143,5,0.0357142857142857,70,5041,0.0142857142857143,2,0.0142857142857143,78961,3721,3721,81,0.63874978096887,2.0414660105127,0.63874978096887,direct,lu,lu,1961,1961,0.527008868583714,81,0,9.52086732358863e-07,82,104.4212622,984.7731861,988.1895815,2432.5543779,ran,
