tableId,degree,epsilonLabel,beta,kappaPi,kappa,coarseType,rho,nu,hInv,h,nSubSide,nSubdomains,d,deltaSteps,delta,ndof,localDofEstimate,rawCoarseEstimate,estimateGB,paperIterations,paperRatio,gmresIterations,coarseDimension,rawCoarseDimension,coarseRatio,iterationDifference,ratioDifference,flag,finalRelres,resvecLength,localDofMin,localDofMax,localDofMean,coarseSetupS,preconditionerApplyS,totalS,status,notes
1,1,k,0.7,30,94.2477796076938,spectral,0.000870722470868708,NaN,960,0.00104166666666667,24,576,0.0416666666666667,10,0.0104166666666667,923521,3721,138240,322.277252048432,5,1.4,NaN,NaN,NaN,NaN,NaN,NaN,NaN,NaN,NaN,NaN,NaN,NaN,NaN,NaN,NaN,blocked_memory_gt_hard_limit,Estimate 322.28 GB exceeds hard limit 300.00 GB.
1,1,k,0.6,30,94.2477796076938,spectral,0.000552653137299744,NaN,960,0.00104166666666667,15,225,0.0666666666666667,16,0.0166666666666667,923521,9409,86400,154.691725027241,4,0.5,NaN,NaN,NaN,NaN,NaN,NaN,NaN,NaN,NaN,NaN,NaN,NaN,NaN,NaN,NaN,queued_runtime_cap,Below memory gate but above runtime cap N=923521.
1,1,k,0.5,30,94.2477796076938,spectral,0.000350772491104462,NaN,920,0.00108695652173913,10,100,0.1,23,0.025,848241,19600,55600,92.4542264648821,4,0.12,NaN,NaN,NaN,NaN,NaN,NaN,NaN,NaN,NaN,NaN,NaN,NaN,NaN,NaN,NaN,queued_runtime_cap,Below memory gate but above runtime cap N=848241.
1,1,k,0.7,40,125.663706143592,spectral,0.000557474120161113,NaN,1508,0.000663129973474801,29,841,0.0344827586206897,13,0.00862068965517241,2277081,6241,262392,1126.0006221129,4,2.8,NaN,NaN,NaN,NaN,NaN,NaN,NaN,NaN,NaN,NaN,NaN,NaN,NaN,NaN,NaN,blocked_memory_gt_hard_limit,Estimate 1126.00 GB exceeds hard limit 300.00 GB.
1,1,k,0.6,40,125.663706143592,spectral,0.000343798299595541,NaN,1440,0.000694444444444444,18,324,0.0555555555555556,20,0.0138888888888889,2076481,14641,155520,466.475561320004,3,0.6,NaN,NaN,NaN,NaN,NaN,NaN,NaN,NaN,NaN,NaN,NaN,NaN,NaN,NaN,NaN,blocked_memory_gt_hard_limit,Estimate 466.48 GB exceeds hard limit 300.00 GB.
1,1,k,0.5,40,125.663706143592,spectral,0.000212022884166579,NaN,1452,0.00068870523415978,11,121,0.0909090909090909,33,0.0227272727272727,2111209,39601,95832,270.577548490019,3,0.14,NaN,NaN,NaN,NaN,NaN,NaN,NaN,NaN,NaN,NaN,NaN,NaN,NaN,NaN,NaN,requires_permission_gt_200gb,Estimate 270.58 GB requires explicit permission.
1,1,k,0.7,50,157.07963267949,spectral,0.000394470191206417,NaN,2040,0.000490196078431373,34,1156,0.0294117647058824,15,0.00735294117647059,4165681,8281,416160,2772.58522263146,3,3.5,NaN,NaN,NaN,NaN,NaN,NaN,NaN,NaN,NaN,NaN,NaN,NaN,NaN,NaN,NaN,blocked_memory_gt_hard_limit,Estimate 2772.59 GB exceeds hard limit 300.00 GB.
1,1,k,0.6,50,157.07963267949,spectral,0.000237904251322265,NaN,2016,0.000496031746031746,21,441,0.0476190476190476,24,0.0119047619047619,4068289,21025,254016,1185.10236144703,3,0.9,NaN,NaN,NaN,NaN,NaN,NaN,NaN,NaN,NaN,NaN,NaN,NaN,NaN,NaN,NaN,blocked_memory_gt_hard_limit,Estimate 1185.10 GB exceeds hard limit 300.00 GB.
1,1,k,0.5,50,157.07963267949,spectral,0.000143479619142098,NaN,1976,0.000506072874493927,13,169,0.0769230769230769,38,0.0192307692307692,3908529,52441,154128,619.366183082961,2,0.21,NaN,NaN,NaN,NaN,NaN,NaN,NaN,NaN,NaN,NaN,NaN,NaN,NaN,NaN,NaN,blocked_memory_gt_hard_limit,Estimate 619.37 GB exceeds hard limit 300.00 GB.
1,1,k,0.7,60,188.495559215388,spectral,0.000297360486916828,NaN,2652,0.000377073906485671,39,1521,0.0256410256410256,17,0.00641025641025641,7038409,10609,620568,6077.15311554704,3,4.5,NaN,NaN,NaN,NaN,NaN,NaN,NaN,NaN,NaN,NaN,NaN,NaN,NaN,NaN,NaN,blocked_memory_gt_hard_limit,Estimate 6077.15 GB exceeds hard limit 300.00 GB.
1,1,k,0.6,60,188.495559215388,spectral,0.00017609748234168,NaN,2668,0.000374812593703148,23,529,0.0434782608695652,29,0.0108695652173913,7123561,30625,368184,2445.15128105119,2,1,NaN,NaN,NaN,NaN,NaN,NaN,NaN,NaN,NaN,NaN,NaN,NaN,NaN,NaN,NaN,blocked_memory_gt_hard_limit,Estimate 2445.15 GB exceeds hard limit 300.00 GB.
1,1,k,0.5,60,188.495559215388,spectral,0.000104285285542164,NaN,2632,0.000379939209726444,14,196,0.0714285714285714,47,0.0178571428571429,6932689,80089,221088,1254.80697653114,2,0.23,NaN,NaN,NaN,NaN,NaN,NaN,NaN,NaN,NaN,NaN,NaN,NaN,NaN,NaN,NaN,blocked_memory_gt_hard_limit,Estimate 1254.81 GB exceeds hard limit 300.00 GB.
1,1,0,1,30,94.2477796076938,spectral,0.0106103295394597,NaN,1128,0.000886524822695035,94,8836,0.0106382978723404,3,0.00265957446808511,1274641,361,636192,6071.0275069513,7,208.7,NaN,NaN,NaN,NaN,NaN,NaN,NaN,NaN,NaN,NaN,NaN,NaN,NaN,NaN,NaN,blocked_memory_gt_hard_limit,Estimate 6071.03 GB exceeds hard limit 300.00 GB.
1,1,0,0.8,30,94.2477796076938,spectral,0.0106103295394597,NaN,1064,0.00093984962406015,38,1444,0.0263157894736842,7,0.00657894736842105,1134225,1849,242592,918.958987297899,9,5,NaN,NaN,NaN,NaN,NaN,NaN,NaN,NaN,NaN,NaN,NaN,NaN,NaN,NaN,NaN,blocked_memory_gt_hard_limit,Estimate 918.96 GB exceeds hard limit 300.00 GB.
1,1,0,0.6,30,94.2477796076938,spectral,0.0106103295394597,NaN,960,0.00104166666666667,15,225,0.0666666666666667,16,0.0166666666666667,923521,9409,86400,154.691725027241,13,0.23,NaN,NaN,NaN,NaN,NaN,NaN,NaN,NaN,NaN,NaN,NaN,NaN,NaN,NaN,NaN,queued_runtime_cap,Below memory gate but above runtime cap N=923521.
1,1,0,1,40,125.663706143592,spectral,0.00795774715459477,NaN,1512,0.000661375661375661,126,15876,0.00793650793650794,3,0.00198412698412698,2289169,361,1143072,19541.7838871514,6,233.2,NaN,NaN,NaN,NaN,NaN,NaN,NaN,NaN,NaN,NaN,NaN,NaN,NaN,NaN,NaN,blocked_memory_gt_hard_limit,Estimate 19541.78 GB exceeds hard limit 300.00 GB.
1,1,0,0.8,40,125.663706143592,spectral,0.00795774715459477,NaN,1536,0.000651041666666667,48,2304,0.0208333333333333,8,0.00520833333333333,2362369,2401,442368,3006.45502532482,6,8,NaN,NaN,NaN,NaN,NaN,NaN,NaN,NaN,NaN,NaN,NaN,NaN,NaN,NaN,NaN,blocked_memory_gt_hard_limit,Estimate 3006.46 GB exceeds hard limit 300.00 GB.
1,1,0,0.6,40,125.663706143592,spectral,0.00795774715459477,NaN,1440,0.000694444444444444,18,324,0.0555555555555556,20,0.0138888888888889,2076481,14641,155520,466.475561320004,10,0.24,NaN,NaN,NaN,NaN,NaN,NaN,NaN,NaN,NaN,NaN,NaN,NaN,NaN,NaN,NaN,blocked_memory_gt_hard_limit,Estimate 466.48 GB exceeds hard limit 300.00 GB.
1,1,0,1,50,157.07963267949,spectral,0.00636619772367581,NaN,2512,0.000398089171974522,157,24649,0.00636942675159236,4,0.00159235668789809,6315169,676,2464900,90754.7637379343,6,493.9,NaN,NaN,NaN,NaN,NaN,NaN,NaN,NaN,NaN,NaN,NaN,NaN,NaN,NaN,NaN,blocked_memory_gt_hard_limit,Estimate 90754.76 GB exceeds hard limit 300.00 GB.
1,1,0,0.8,50,157.07963267949,spectral,0.00636619772367581,NaN,2052,0.000487329434697856,57,3249,0.0175438596491228,9,0.0043859649122807,4214809,3025,701784,7505.27647208626,6,8.2,NaN,NaN,NaN,NaN,NaN,NaN,NaN,NaN,NaN,NaN,NaN,NaN,NaN,NaN,NaN,blocked_memory_gt_hard_limit,Estimate 7505.28 GB exceeds hard limit 300.00 GB.
1,1,0,0.6,50,157.07963267949,spectral,0.00636619772367581,NaN,2016,0.000496031746031746,21,441,0.0476190476190476,24,0.0119047619047619,4068289,21025,254016,1185.10236144703,7,0.28,NaN,NaN,NaN,NaN,NaN,NaN,NaN,NaN,NaN,NaN,NaN,NaN,NaN,NaN,NaN,blocked_memory_gt_hard_limit,Estimate 1185.10 GB exceeds hard limit 300.00 GB.
1,1,0,1,60,188.495559215388,spectral,0.00530516476972985,NaN,3008,0.000332446808510638,188,35344,0.00531914893617021,4,0.00132978723404255,9054081,625,3393024,171849.565054053,4,875.4,NaN,NaN,NaN,NaN,NaN,NaN,NaN,NaN,NaN,NaN,NaN,NaN,NaN,NaN,NaN,blocked_memory_gt_hard_limit,Estimate 171849.57 GB exceeds hard limit 300.00 GB.
1,1,0,0.8,60,188.495559215388,spectral,0.00530516476972985,NaN,2640,0.000378787878787879,66,4356,0.0151515151515152,10,0.00378787878787879,6974881,3721,1045440,16569.6886492469,5,11.8,NaN,NaN,NaN,NaN,NaN,NaN,NaN,NaN,NaN,NaN,NaN,NaN,NaN,NaN,NaN,blocked_memory_gt_hard_limit,Estimate 16569.69 GB exceeds hard limit 300.00 GB.
1,1,0,0.6,60,188.495559215388,spectral,0.00530516476972985,NaN,2668,0.000374812593703148,23,529,0.0434782608695652,29,0.0108695652173913,7123561,30625,368184,2445.15128105119,6,0.29,NaN,NaN,NaN,NaN,NaN,NaN,NaN,NaN,NaN,NaN,NaN,NaN,NaN,NaN,NaN,blocked_memory_gt_hard_limit,Estimate 2445.15 GB exceeds hard limit 300.00 GB.
1,2,k,0.7,40,125.663706143592,spectral,0.00102006053087897,NaN,464,0.0021551724137931,29,841,0.0344827586206897,4,0.00862068965517241,863041,2401,161472,421.492064172436,6,3.7,NaN,NaN,NaN,NaN,NaN,NaN,NaN,NaN,NaN,NaN,NaN,NaN,NaN,NaN,NaN,blocked_memory_gt_hard_limit,Estimate 421.49 GB exceeds hard limit 300.00 GB.
1,2,k,0.6,40,125.663706143592,spectral,0.000629078666287435,NaN,432,0.00231481481481481,18,324,0.0555555555555556,6,0.0138888888888889,748225,5329,93312,161.747713132577,4,1.1,NaN,NaN,NaN,NaN,NaN,NaN,NaN,NaN,NaN,NaN,NaN,NaN,NaN,NaN,NaN,queued_runtime_cap,Below memory gate but above runtime cap N=748225.
1,2,k,0.5,40,125.663706143592,spectral,0.000387957338214993,NaN,440,0.00227272727272727,11,121,0.0909090909090909,10,0.0227272727272727,776161,14641,58080,89.836511254894,3,0.3,NaN,NaN,NaN,NaN,NaN,NaN,NaN,NaN,NaN,NaN,NaN,NaN,NaN,NaN,NaN,queued_runtime_cap,Below memory gate but above runtime cap N=776161.
1,2,k,0.7,60,188.495559215388,spectral,0.000572395089847983,NaN,780,0.00128205128205128,39,1521,0.0256410256410256,5,0.00641025641025641,2436721,3721,365040,2084.50383260358,3,11.9,NaN,NaN,NaN,NaN,NaN,NaN,NaN,NaN,NaN,NaN,NaN,NaN,NaN,NaN,NaN,blocked_memory_gt_hard_limit,Estimate 2084.50 GB exceeds hard limit 300.00 GB.
1,2,k,0.6,60,188.495559215388,spectral,0.000338973530989552,NaN,736,0.00135869565217391,23,529,0.0434782608695652,8,0.0108695652173913,2169729,9409,203136,716.883886705758,2,2.1,NaN,NaN,NaN,NaN,NaN,NaN,NaN,NaN,NaN,NaN,NaN,NaN,NaN,NaN,NaN,blocked_memory_gt_hard_limit,Estimate 716.88 GB exceeds hard limit 300.00 GB.
1,2,k,0.5,60,188.495559215388,spectral,0.000200740811284808,NaN,728,0.00137362637362637,14,196,0.0714285714285714,13,0.0178571428571429,2122849,24649,122304,343.432501140867,3,0.6,NaN,NaN,NaN,NaN,NaN,NaN,NaN,NaN,NaN,NaN,NaN,NaN,NaN,NaN,NaN,blocked_memory_gt_hard_limit,Estimate 343.43 GB exceeds hard limit 300.00 GB.
1,2,k,0.7,80,251.327412287183,spectral,0.000379890295967844,NaN,1152,0.000868055555555556,48,2304,0.0208333333333333,6,0.00520833333333333,5313025,5329,663552,6788.44931415751,3,18.7,NaN,NaN,NaN,NaN,NaN,NaN,NaN,NaN,NaN,NaN,NaN,NaN,NaN,NaN,NaN,blocked_memory_gt_hard_limit,Estimate 6788.45 GB exceeds hard limit 300.00 GB.
1,2,k,0.6,80,251.327412287183,spectral,0.000218591974996756,NaN,1008,0.000992063492063492,28,784,0.0357142857142857,9,0.00892857142857143,4068289,11881,338688,1908.83705146937,2,3.7,NaN,NaN,NaN,NaN,NaN,NaN,NaN,NaN,NaN,NaN,NaN,NaN,NaN,NaN,NaN,blocked_memory_gt_hard_limit,Estimate 1908.84 GB exceeds hard limit 300.00 GB.
1,2,k,0.5,80,251.327412287183,spectral,0.000125779605428581,NaN,1024,0.0009765625,16,256,0.0625,16,0.015625,4198401,37249,196608,837.887189985379,2,0.7,NaN,NaN,NaN,NaN,NaN,NaN,NaN,NaN,NaN,NaN,NaN,NaN,NaN,NaN,NaN,blocked_memory_gt_hard_limit,Estimate 837.89 GB exceeds hard limit 300.00 GB.
1,2,k,0.7,100,314.159265358979,spectral,0.000276414888328292,NaN,1344,0.000744047619047619,56,3136,0.0178571428571429,6,0.00446428571428571,7230721,5329,903168,12464.6327582543,2,25.9,NaN,NaN,NaN,NaN,NaN,NaN,NaN,NaN,NaN,NaN,NaN,NaN,NaN,NaN,NaN,blocked_memory_gt_hard_limit,Estimate 12464.63 GB exceeds hard limit 300.00 GB.
1,2,k,0.6,100,314.159265358979,spectral,0.000155541557763501,NaN,1364,0.000733137829912023,31,961,0.032258064516129,11,0.00806451612903226,7447441,17689,507408,4231.11786684694,2,4.4,NaN,NaN,NaN,NaN,NaN,NaN,NaN,NaN,NaN,NaN,NaN,NaN,NaN,NaN,NaN,blocked_memory_gt_hard_limit,Estimate 4231.12 GB exceeds hard limit 300.00 GB.
1,2,k,0.5,100,314.159265358979,spectral,8.75248664708784e-05,NaN,1368,0.000730994152046784,18,324,0.0555555555555556,19,0.0138888888888889,7491169,52441,295488,1809.31442729046,2,1,NaN,NaN,NaN,NaN,NaN,NaN,NaN,NaN,NaN,NaN,NaN,NaN,NaN,NaN,NaN,blocked_memory_gt_hard_limit,Estimate 1809.31 GB exceeds hard limit 300.00 GB.
1,2,0,1,40,125.663706143592,spectral,0.00795774715459477,NaN,504,0.00198412698412698,126,15876,0.00793650793650794,1,0.00198412698412698,1018081,169,762048,8683.34472023919,6,507.8,NaN,NaN,NaN,NaN,NaN,NaN,NaN,NaN,NaN,NaN,NaN,NaN,NaN,NaN,NaN,blocked_memory_gt_hard_limit,Estimate 8683.34 GB exceeds hard limit 300.00 GB.
1,2,0,0.8,40,125.663706143592,spectral,0.00795774715459477,NaN,576,0.00173611111111111,48,2304,0.0208333333333333,3,0.00520833333333333,1329409,1369,331776,1687.68998699365,6,22.4,NaN,NaN,NaN,NaN,NaN,NaN,NaN,NaN,NaN,NaN,NaN,NaN,NaN,NaN,NaN,blocked_memory_gt_hard_limit,Estimate 1687.69 GB exceeds hard limit 300.00 GB.
1,2,0,0.6,40,125.663706143592,spectral,0.00795774715459477,NaN,432,0.00231481481481481,18,324,0.0555555555555556,6,0.0138888888888889,748225,5329,93312,161.747713132577,10,0.7,NaN,NaN,NaN,NaN,NaN,NaN,NaN,NaN,NaN,NaN,NaN,NaN,NaN,NaN,NaN,queued_runtime_cap,Below memory gate but above runtime cap N=748225.
1,2,0,1,60,188.495559215388,spectral,0.00530516476972985,NaN,752,0.00132978723404255,188,35344,0.00531914893617021,1,0.00132978723404255,2265025,169,1696512,42954.5526840195,6,1965.9,NaN,NaN,NaN,NaN,NaN,NaN,NaN,NaN,NaN,NaN,NaN,NaN,NaN,NaN,NaN,blocked_memory_gt_hard_limit,Estimate 42954.55 GB exceeds hard limit 300.00 GB.
1,2,0,0.8,60,188.495559215388,spectral,0.00530516476972985,NaN,792,0.00126262626262626,66,4356,0.0151515151515152,3,0.00378787878787879,2512225,1369,627264,5952.68603560063,6,32,NaN,NaN,NaN,NaN,NaN,NaN,NaN,NaN,NaN,NaN,NaN,NaN,NaN,NaN,NaN,blocked_memory_gt_hard_limit,Estimate 5952.69 GB exceeds hard limit 300.00 GB.
1,2,0,0.6,60,188.495559215388,spectral,0.00530516476972985,NaN,736,0.00135869565217391,23,529,0.0434782608695652,8,0.0108695652173913,2169729,9409,203136,716.883886705758,6,0.9,NaN,NaN,NaN,NaN,NaN,NaN,NaN,NaN,NaN,NaN,NaN,NaN,NaN,NaN,NaN,blocked_memory_gt_hard_limit,Estimate 716.88 GB exceeds hard limit 300.00 GB.
1,2,0,1,80,251.327412287183,spectral,0.00397887357729738,NaN,1004,0.00099601593625498,251,63001,0.00398406374501992,1,0.00099601593625498,4036081,169,3024048,136388.055915807,4,5064.8,NaN,NaN,NaN,NaN,NaN,NaN,NaN,NaN,NaN,NaN,NaN,NaN,NaN,NaN,NaN,blocked_memory_gt_hard_limit,Estimate 136388.06 GB exceeds hard limit 300.00 GB.
1,2,0,0.8,80,251.327412287183,spectral,0.00397887357729738,NaN,1328,0.000753012048192771,83,6889,0.0120481927710843,4,0.00301204819277108,7059649,2601,1377800,28574.2580941121,4,73.4,NaN,NaN,NaN,NaN,NaN,NaN,NaN,NaN,NaN,NaN,NaN,NaN,NaN,NaN,NaN,blocked_memory_gt_hard_limit,Estimate 28574.26 GB exceeds hard limit 300.00 GB.
1,2,0,0.6,80,251.327412287183,spectral,0.00397887357729738,NaN,1008,0.000992063492063492,28,784,0.0357142857142857,9,0.00892857142857143,4068289,11881,338688,1908.83705146937,5,1.4,NaN,NaN,NaN,NaN,NaN,NaN,NaN,NaN,NaN,NaN,NaN,NaN,NaN,NaN,NaN,blocked_memory_gt_hard_limit,Estimate 1908.84 GB exceeds hard limit 300.00 GB.
1,2,0,1,100,314.159265358979,spectral,0.00318309886183791,NaN,2512,0.000398089171974522,314,98596,0.00318471337579618,2,0.000796178343949045,25250625,729,10253984,1567693.50684259,4,7714.3,NaN,NaN,NaN,NaN,NaN,NaN,NaN,NaN,NaN,NaN,NaN,NaN,NaN,NaN,NaN,blocked_memory_gt_hard_limit,Estimate 1567693.51 GB exceeds hard limit 300.00 GB.
1,2,0,0.8,100,314.159265358979,spectral,0.00318309886183791,NaN,1584,0.000631313131313131,99,9801,0.0101010101010101,4,0.00252525252525253,10042561,2401,1881792,53151.1273556154,3,113.6,NaN,NaN,NaN,NaN,NaN,NaN,NaN,NaN,NaN,NaN,NaN,NaN,NaN,NaN,NaN,blocked_memory_gt_hard_limit,Estimate 53151.13 GB exceeds hard limit 300.00 GB.
1,2,0,0.6,100,314.159265358979,spectral,0.00318309886183791,NaN,1364,0.000733137829912023,31,961,0.032258064516129,11,0.00806451612903226,7447441,17689,507408,4231.11786684694,4,1.5,NaN,NaN,NaN,NaN,NaN,NaN,NaN,NaN,NaN,NaN,NaN,NaN,NaN,NaN,NaN,blocked_memory_gt_hard_limit,Estimate 4231.12 GB exceeds hard limit 300.00 GB.
2,2,k,0.7,40,125.663706143592,spectral,0.242152258925809,NaN,464,0.0021551724137931,29,841,0.0344827586206897,4,0.00862068965517241,863041,2401,161472,421.492064172436,7,3.3,NaN,NaN,NaN,NaN,NaN,NaN,NaN,NaN,NaN,NaN,NaN,NaN,NaN,NaN,NaN,blocked_memory_gt_hard_limit,Estimate 421.49 GB exceeds hard limit 300.00 GB.
2,2,k,0.6,40,125.663706143592,spectral,0.190163880706519,NaN,432,0.00231481481481481,18,324,0.0555555555555556,6,0.0138888888888889,748225,5329,93312,161.747713132577,6,0.8,NaN,NaN,NaN,NaN,NaN,NaN,NaN,NaN,NaN,NaN,NaN,NaN,NaN,NaN,NaN,queued_runtime_cap,Below memory gate but above runtime cap N=748225.
2,2,k,0.5,40,125.663706143592,spectral,0.149337039785546,NaN,440,0.00227272727272727,11,121,0.0909090909090909,10,0.0227272727272727,776161,14641,58080,89.836511254894,6,0.15,NaN,NaN,NaN,NaN,NaN,NaN,NaN,NaN,NaN,NaN,NaN,NaN,NaN,NaN,NaN,queued_runtime_cap,Below memory gate but above runtime cap N=776161.
2,2,k,0.7,80,251.327412287183,spectral,0.218239835379143,NaN,1152,0.000868055555555556,48,2304,0.0208333333333333,6,0.00520833333333333,5313025,5329,663552,6788.44931415751,7,6.5,NaN,NaN,NaN,NaN,NaN,NaN,NaN,NaN,NaN,NaN,NaN,NaN,NaN,NaN,NaN,blocked_memory_gt_hard_limit,Estimate 6788.45 GB exceeds hard limit 300.00 GB.
2,2,k,0.6,80,251.327412287183,spectral,0.165547273467637,NaN,1008,0.000992063492063492,28,784,0.0357142857142857,9,0.00892857142857143,4068289,11881,338688,1908.83705146937,7,1.1,NaN,NaN,NaN,NaN,NaN,NaN,NaN,NaN,NaN,NaN,NaN,NaN,NaN,NaN,NaN,blocked_memory_gt_hard_limit,Estimate 1908.84 GB exceeds hard limit 300.00 GB.
2,2,k,0.5,80,251.327412287183,spectral,0.125576981420267,NaN,1024,0.0009765625,16,256,0.0625,16,0.015625,4198401,37249,196608,837.887189985379,6,0.18,NaN,NaN,NaN,NaN,NaN,NaN,NaN,NaN,NaN,NaN,NaN,NaN,NaN,NaN,NaN,blocked_memory_gt_hard_limit,Estimate 837.89 GB exceeds hard limit 300.00 GB.
2,2,k,0.7,120,376.991118430775,spectral,0.205362118825995,NaN,1792,0.000558035714285714,64,4096,0.015625,7,0.00390625,12852225,7225,1376256,28801.8319066407,8,6.4,NaN,NaN,NaN,NaN,NaN,NaN,NaN,NaN,NaN,NaN,NaN,NaN,NaN,NaN,NaN,blocked_memory_gt_hard_limit,Estimate 28801.83 GB exceeds hard limit 300.00 GB.
2,2,k,0.6,120,376.991118430775,spectral,0.152652450588737,NaN,1680,0.000595238095238095,35,1225,0.0285714285714286,12,0.00714285714285714,11296321,21025,705600,8039.19761452856,7,1.2,NaN,NaN,NaN,NaN,NaN,NaN,NaN,NaN,NaN,NaN,NaN,NaN,NaN,NaN,NaN,blocked_memory_gt_hard_limit,Estimate 8039.20 GB exceeds hard limit 300.00 GB.
2,2,k,0.5,120,376.991118430775,spectral,0.113471612018629,NaN,1672,0.000598086124401914,19,361,0.0526315789473684,22,0.0131578947368421,11189025,70225,381216,2984.79267289405,7,0.17,NaN,NaN,NaN,NaN,NaN,NaN,NaN,NaN,NaN,NaN,NaN,NaN,NaN,NaN,NaN,blocked_memory_gt_hard_limit,Estimate 2984.79 GB exceeds hard limit 300.00 GB.
2,2,k,0.7,160,502.654824574367,spectral,0.196688752595564,NaN,2496,0.000400641025641026,78,6084,0.0128205128205128,8,0.00320512820512821,24930049,9409,2336256,82504.6331029172,10,8.1,NaN,NaN,NaN,NaN,NaN,NaN,NaN,NaN,NaN,NaN,NaN,NaN,NaN,NaN,NaN,blocked_memory_gt_hard_limit,Estimate 82504.63 GB exceeds hard limit 300.00 GB.
2,2,k,0.6,160,502.654824574367,spectral,0.144117272169389,NaN,2520,0.000396825396825397,42,1764,0.0238095238095238,15,0.00595238095238095,25411681,32761,1270080,25576.0485070524,8,1.3,NaN,NaN,NaN,NaN,NaN,NaN,NaN,NaN,NaN,NaN,NaN,NaN,NaN,NaN,NaN,blocked_memory_gt_hard_limit,Estimate 25576.05 GB exceeds hard limit 300.00 GB.
2,2,k,0.5,160,502.654824574367,spectral,0.105597233514685,NaN,2464,0.000405844155844156,22,484,0.0454545454545455,28,0.0113636363636364,24295041,113569,650496,8340.86546108152,6,0.17,NaN,NaN,NaN,NaN,NaN,NaN,NaN,NaN,NaN,NaN,NaN,NaN,NaN,NaN,NaN,blocked_memory_gt_hard_limit,Estimate 8340.87 GB exceeds hard limit 300.00 GB.
2,2,0,0.7,40,125.663706143592,spectral,0.242152258925809,NaN,464,0.0021551724137931,29,841,0.0344827586206897,4,0.00862068965517241,863041,2401,161472,421.492064172436,7,3.3,NaN,NaN,NaN,NaN,NaN,NaN,NaN,NaN,NaN,NaN,NaN,NaN,NaN,NaN,NaN,blocked_memory_gt_hard_limit,Estimate 421.49 GB exceeds hard limit 300.00 GB.
2,2,0,0.6,40,125.663706143592,spectral,0.190163880706519,NaN,432,0.00231481481481481,18,324,0.0555555555555556,6,0.0138888888888889,748225,5329,93312,161.747713132577,6,0.8,NaN,NaN,NaN,NaN,NaN,NaN,NaN,NaN,NaN,NaN,NaN,NaN,NaN,NaN,NaN,queued_runtime_cap,Below memory gate but above runtime cap N=748225.
2,2,0,0.5,40,125.663706143592,spectral,0.149337039785546,NaN,440,0.00227272727272727,11,121,0.0909090909090909,10,0.0227272727272727,776161,14641,58080,89.836511254894,6,0.15,NaN,NaN,NaN,NaN,NaN,NaN,NaN,NaN,NaN,NaN,NaN,NaN,NaN,NaN,NaN,queued_runtime_cap,Below memory gate but above runtime cap N=776161.
2,2,0,0.7,80,251.327412287183,spectral,0.218239835379143,NaN,1152,0.000868055555555556,48,2304,0.0208333333333333,6,0.00520833333333333,5313025,5329,663552,6788.44931415751,7,6.5,NaN,NaN,NaN,NaN,NaN,NaN,NaN,NaN,NaN,NaN,NaN,NaN,NaN,NaN,NaN,blocked_memory_gt_hard_limit,Estimate 6788.45 GB exceeds hard limit 300.00 GB.
2,2,0,0.6,80,251.327412287183,spectral,0.165547273467637,NaN,1008,0.000992063492063492,28,784,0.0357142857142857,9,0.00892857142857143,4068289,11881,338688,1908.83705146937,7,1.1,NaN,NaN,NaN,NaN,NaN,NaN,NaN,NaN,NaN,NaN,NaN,NaN,NaN,NaN,NaN,blocked_memory_gt_hard_limit,Estimate 1908.84 GB exceeds hard limit 300.00 GB.
2,2,0,0.5,80,251.327412287183,spectral,0.125576981420267,NaN,1024,0.0009765625,16,256,0.0625,16,0.015625,4198401,37249,196608,837.887189985379,7,0.18,NaN,NaN,NaN,NaN,NaN,NaN,NaN,NaN,NaN,NaN,NaN,NaN,NaN,NaN,NaN,blocked_memory_gt_hard_limit,Estimate 837.89 GB exceeds hard limit 300.00 GB.
2,2,0,0.7,120,376.991118430775,spectral,0.205362118825995,NaN,1792,0.000558035714285714,64,4096,0.015625,7,0.00390625,12852225,7225,1376256,28801.8319066407,9,6.4,NaN,NaN,NaN,NaN,NaN,NaN,NaN,NaN,NaN,NaN,NaN,NaN,NaN,NaN,NaN,blocked_memory_gt_hard_limit,Estimate 28801.83 GB exceeds hard limit 300.00 GB.
2,2,0,0.6,120,376.991118430775,spectral,0.152652450588737,NaN,1680,0.000595238095238095,35,1225,0.0285714285714286,12,0.00714285714285714,11296321,21025,705600,8039.19761452856,8,1.2,NaN,NaN,NaN,NaN,NaN,NaN,NaN,NaN,NaN,NaN,NaN,NaN,NaN,NaN,NaN,blocked_memory_gt_hard_limit,Estimate 8039.20 GB exceeds hard limit 300.00 GB.
2,2,0,0.5,120,376.991118430775,spectral,0.113471612018629,NaN,1672,0.000598086124401914,19,361,0.0526315789473684,22,0.0131578947368421,11189025,70225,381216,2984.79267289405,8,0.17,NaN,NaN,NaN,NaN,NaN,NaN,NaN,NaN,NaN,NaN,NaN,NaN,NaN,NaN,NaN,blocked_memory_gt_hard_limit,Estimate 2984.79 GB exceeds hard limit 300.00 GB.
2,2,0,0.7,160,502.654824574367,spectral,0.196688752595564,NaN,2496,0.000400641025641026,78,6084,0.0128205128205128,8,0.00320512820512821,24930049,9409,2336256,82504.6331029172,12,8.1,NaN,NaN,NaN,NaN,NaN,NaN,NaN,NaN,NaN,NaN,NaN,NaN,NaN,NaN,NaN,blocked_memory_gt_hard_limit,Estimate 82504.63 GB exceeds hard limit 300.00 GB.
2,2,0,0.6,160,502.654824574367,spectral,0.144117272169389,NaN,2520,0.000396825396825397,42,1764,0.0238095238095238,15,0.00595238095238095,25411681,32761,1270080,25576.0485070524,9,1.3,NaN,NaN,NaN,NaN,NaN,NaN,NaN,NaN,NaN,NaN,NaN,NaN,NaN,NaN,NaN,blocked_memory_gt_hard_limit,Estimate 25576.05 GB exceeds hard limit 300.00 GB.
2,2,0,0.5,160,502.654824574367,spectral,0.105597233514685,NaN,2464,0.000405844155844156,22,484,0.0454545454545455,28,0.0113636363636364,24295041,113569,650496,8340.86546108152,7,0.17,NaN,NaN,NaN,NaN,NaN,NaN,NaN,NaN,NaN,NaN,NaN,NaN,NaN,NaN,NaN,blocked_memory_gt_hard_limit,Estimate 8340.87 GB exceeds hard limit 300.00 GB.
3,2,k,0.7,40,125.663706143592,economic,NaN,4,464,0.0021551724137931,29,841,0.0344827586206897,4,0.00862068965517241,863041,2401,6728,28.1091402117503,4,4.3,NaN,NaN,NaN,NaN,NaN,NaN,NaN,NaN,NaN,NaN,NaN,NaN,NaN,NaN,NaN,queued_runtime_cap,Below memory gate but above runtime cap N=863041.
3,2,k,0.6,40,125.663706143592,economic,NaN,7,432,0.00231481481481481,18,324,0.0555555555555556,6,0.0138888888888889,748225,5329,4536,25.2584208685923,5,0.9,NaN,NaN,NaN,NaN,NaN,NaN,NaN,NaN,NaN,NaN,NaN,NaN,NaN,NaN,NaN,queued_runtime_cap,Below memory gate but above runtime cap N=748225.
3,2,k,0.5,40,125.663706143592,economic,NaN,11,440,0.00227272727272727,11,121,0.0909090909090909,10,0.0227272727272727,776161,14641,2662,27.5857913797968,4,0.21,NaN,NaN,NaN,NaN,NaN,NaN,NaN,NaN,NaN,NaN,NaN,NaN,NaN,NaN,NaN,queued_runtime_cap,Below memory gate but above runtime cap N=776161.
3,2,k,0.7,80,251.327412287183,economic,NaN,5,1152,0.000868055555555556,48,2304,0.0208333333333333,6,0.00520833333333333,5313025,5329,23040,184.497509042766,5,7.2,NaN,NaN,NaN,NaN,NaN,NaN,NaN,NaN,NaN,NaN,NaN,NaN,NaN,NaN,NaN,queued_runtime_cap,Below memory gate but above runtime cap N=5313025.
3,2,k,0.6,80,251.327412287183,economic,NaN,9,1008,0.000992063492063492,28,784,0.0357142857142857,9,0.00892857142857143,4068289,11881,14112,145.035770970865,4,1.4,NaN,NaN,NaN,NaN,NaN,NaN,NaN,NaN,NaN,NaN,NaN,NaN,NaN,NaN,NaN,queued_runtime_cap,Below memory gate but above runtime cap N=4068289.
3,2,k,0.5,80,251.327412287183,economic,NaN,16,1024,0.0009765625,16,256,0.0625,16,0.015625,4198401,37249,8192,158.306257368191,5,0.23,NaN,NaN,NaN,NaN,NaN,NaN,NaN,NaN,NaN,NaN,NaN,NaN,NaN,NaN,NaN,queued_runtime_cap,Below memory gate but above runtime cap N=4198401.
3,2,k,0.7,120,376.991118430775,economic,NaN,6,1792,0.000558035714285714,64,4096,0.015625,7,0.00390625,12852225,7225,49152,470.954709375125,8,7.2,NaN,NaN,NaN,NaN,NaN,NaN,NaN,NaN,NaN,NaN,NaN,NaN,NaN,NaN,NaN,blocked_memory_gt_hard_limit,Estimate 470.95 GB exceeds hard limit 300.00 GB.
3,2,k,0.6,120,376.991118430775,economic,NaN,11,1680,0.000595238095238095,35,1225,0.0285714285714286,12,0.00714285714285714,11296321,21025,26950,418.54002524199,5,1.4,NaN,NaN,NaN,NaN,NaN,NaN,NaN,NaN,NaN,NaN,NaN,NaN,NaN,NaN,NaN,blocked_memory_gt_hard_limit,Estimate 418.54 GB exceeds hard limit 300.00 GB.
3,2,k,0.5,120,376.991118430775,economic,NaN,19,1672,0.000598086124401914,19,361,0.0526315789473684,22,0.0131578947368421,11189025,70225,13718,437.513640097433,4,0.21,NaN,NaN,NaN,NaN,NaN,NaN,NaN,NaN,NaN,NaN,NaN,NaN,NaN,NaN,NaN,blocked_memory_gt_hard_limit,Estimate 437.51 GB exceeds hard limit 300.00 GB.
3,2,k,0.7,160,502.654824574367,economic,NaN,6,2496,0.000400641025641026,78,6084,0.0128205128205128,8,0.00320512820512821,24930049,9409,73008,934.829896235027,7,9.8,NaN,NaN,NaN,NaN,NaN,NaN,NaN,NaN,NaN,NaN,NaN,NaN,NaN,NaN,NaN,blocked_memory_gt_hard_limit,Estimate 934.83 GB exceeds hard limit 300.00 GB.
3,2,k,0.6,160,502.654824574367,economic,NaN,12,2520,0.000396825396825397,42,1764,0.0238095238095238,15,0.00595238095238095,25411681,32761,42336,966.289195853206,6,1.5,NaN,NaN,NaN,NaN,NaN,NaN,NaN,NaN,NaN,NaN,NaN,NaN,NaN,NaN,NaN,blocked_memory_gt_hard_limit,Estimate 966.29 GB exceeds hard limit 300.00 GB.
3,2,k,0.5,160,502.654824574367,economic,NaN,22,2464,0.000405844155844156,22,484,0.0454545454545455,28,0.0113636363636364,24295041,113569,21296,977.469454258939,5,0.21,NaN,NaN,NaN,NaN,NaN,NaN,NaN,NaN,NaN,NaN,NaN,NaN,NaN,NaN,NaN,blocked_memory_gt_hard_limit,Estimate 977.47 GB exceeds hard limit 300.00 GB.
3,2,0,0.7,40,125.663706143592,economic,NaN,4,464,0.0021551724137931,29,841,0.0344827586206897,4,0.00862068965517241,863041,2401,6728,28.1091402117503,5,4.3,NaN,NaN,NaN,NaN,NaN,NaN,NaN,NaN,NaN,NaN,NaN,NaN,NaN,NaN,NaN,queued_runtime_cap,Below memory gate but above runtime cap N=863041.
3,2,0,0.6,40,125.663706143592,economic,NaN,7,432,0.00231481481481481,18,324,0.0555555555555556,6,0.0138888888888889,748225,5329,4536,25.2584208685923,5,0.9,NaN,NaN,NaN,NaN,NaN,NaN,NaN,NaN,NaN,NaN,NaN,NaN,NaN,NaN,NaN,queued_runtime_cap,Below memory gate but above runtime cap N=748225.
3,2,0,0.5,40,125.663706143592,economic,NaN,11,440,0.00227272727272727,11,121,0.0909090909090909,10,0.0227272727272727,776161,14641,2662,27.5857913797968,5,0.21,NaN,NaN,NaN,NaN,NaN,NaN,NaN,NaN,NaN,NaN,NaN,NaN,NaN,NaN,NaN,queued_runtime_cap,Below memory gate but above runtime cap N=776161.
3,2,0,0.7,80,251.327412287183,economic,NaN,5,1152,0.000868055555555556,48,2304,0.0208333333333333,6,0.00520833333333333,5313025,5329,23040,184.497509042766,5,7.2,NaN,NaN,NaN,NaN,NaN,NaN,NaN,NaN,NaN,NaN,NaN,NaN,NaN,NaN,NaN,queued_runtime_cap,Below memory gate but above runtime cap N=5313025.
3,2,0,0.6,80,251.327412287183,economic,NaN,9,1008,0.000992063492063492,28,784,0.0357142857142857,9,0.00892857142857143,4068289,11881,14112,145.035770970865,5,1.4,NaN,NaN,NaN,NaN,NaN,NaN,NaN,NaN,NaN,NaN,NaN,NaN,NaN,NaN,NaN,queued_runtime_cap,Below memory gate but above runtime cap N=4068289.
3,2,0,0.5,80,251.327412287183,economic,NaN,16,1024,0.0009765625,16,256,0.0625,16,0.015625,4198401,37249,8192,158.306257368191,5,0.23,NaN,NaN,NaN,NaN,NaN,NaN,NaN,NaN,NaN,NaN,NaN,NaN,NaN,NaN,NaN,queued_runtime_cap,Below memory gate but above runtime cap N=4198401.
3,2,0,0.7,120,376.991118430775,economic,NaN,6,1792,0.000558035714285714,64,4096,0.015625,7,0.00390625,12852225,7225,49152,470.954709375125,9,7.2,NaN,NaN,NaN,NaN,NaN,NaN,NaN,NaN,NaN,NaN,NaN,NaN,NaN,NaN,NaN,blocked_memory_gt_hard_limit,Estimate 470.95 GB exceeds hard limit 300.00 GB.
3,2,0,0.6,120,376.991118430775,economic,NaN,11,1680,0.000595238095238095,35,1225,0.0285714285714286,12,0.00714285714285714,11296321,21025,26950,418.54002524199,5,1.4,NaN,NaN,NaN,NaN,NaN,NaN,NaN,NaN,NaN,NaN,NaN,NaN,NaN,NaN,NaN,blocked_memory_gt_hard_limit,Estimate 418.54 GB exceeds hard limit 300.00 GB.
3,2,0,0.5,120,376.991118430775,economic,NaN,19,1672,0.000598086124401914,19,361,0.0526315789473684,22,0.0131578947368421,11189025,70225,13718,437.513640097433,5,0.21,NaN,NaN,NaN,NaN,NaN,NaN,NaN,NaN,NaN,NaN,NaN,NaN,NaN,NaN,NaN,blocked_memory_gt_hard_limit,Estimate 437.51 GB exceeds hard limit 300.00 GB.
3,2,0,0.7,160,502.654824574367,economic,NaN,6,2496,0.000400641025641026,78,6084,0.0128205128205128,8,0.00320512820512821,24930049,9409,73008,934.829896235027,7,9.8,NaN,NaN,NaN,NaN,NaN,NaN,NaN,NaN,NaN,NaN,NaN,NaN,NaN,NaN,NaN,blocked_memory_gt_hard_limit,Estimate 934.83 GB exceeds hard limit 300.00 GB.
3,2,0,0.6,160,502.654824574367,economic,NaN,12,2520,0.000396825396825397,42,1764,0.0238095238095238,15,0.00595238095238095,25411681,32761,42336,966.289195853206,6,1.5,NaN,NaN,NaN,NaN,NaN,NaN,NaN,NaN,NaN,NaN,NaN,NaN,NaN,NaN,NaN,blocked_memory_gt_hard_limit,Estimate 966.29 GB exceeds hard limit 300.00 GB.
3,2,0,0.5,160,502.654824574367,economic,NaN,22,2464,0.000405844155844156,22,484,0.0454545454545455,28,0.0113636363636364,24295041,113569,21296,977.469454258939,5,0.21,NaN,NaN,NaN,NaN,NaN,NaN,NaN,NaN,NaN,NaN,NaN,NaN,NaN,NaN,NaN,blocked_memory_gt_hard_limit,Estimate 977.47 GB exceeds hard limit 300.00 GB.
